RazaoSocial,UF,TotalDespesas,MediaDespesas,DesvioPadrao,QtdRegistros
BRADESCO SAÚDE S.A.,RJ,119580634026.0,42585695.87820513,616541518.9807174,2808
CLINIPAM CLINICA PARANAENSE DE ASSISTENCIA MEDICA LTDA,CE,17561537299.0,5799715.092140026,92110215.12030001,3028
H.B. SAÚDE S/A.,SP,14532841930.0,7159035.433497537,72918017.74902613,2030
CENTRO CLÍNICO GAÚCHO LTDA,CE,7281479778.0,2119173.3928987193,27789481.839065492,3436
FUNDAÇÃO SÃO FRANCISCO XAVIER,MG,6117216886.0,2219599.7409288823,23313357.028522022,2756
PREVENT SENIOR PRIVATE OPERADORA DE SAÚDE LTDA,SP,5397978724.0,2121846.9827044024,24301559.472050507,2544
UNIMED BELO HORIZONTE COOPERATIVA DE TRABALHO MÉDICO,MG,5363237900.0,945397.1267407016,38450929.802026294,5673
HAPVIDA ASSISTENCIA MEDICA S.A.,CE,5286247677.0,1355795.76224673,30131975.040553562,3899
NOTRE DAME INTERMÉDICA SAÚDE S.A.,SP,4863739568.0,1346177.5721007474,20382359.608445615,3613
UNIMED DE LONDRINA COOPERATIVA DE TRABALHO MÉDICO,PR,4609599631.0,1211776.9797581492,16264180.714461025,3804
CAIXA DE ASSISTÊNCIA DOS FUNCIONÁRIOS DO BANCO DO BRASIL,DF,4476125433.0,2139639.3083173996,77248357.04216921,2092
ALICE OPERADORA LTDA.,SP,4440489233.0,3105237.225874126,32972139.83259475,1430
UNIMED NACIONAL - COOPERATIVA CENTRAL,SP,4019205035.0,941486.304755212,25982319.187686108,4269
HUMANA SAÚDE LTDA.,PR,3919645014.0,1163790.0872921615,15232266.382677387,3368
SAMI ASSISTÊNCIA MÉDICA LTDA,SP,3847496258.0,3039096.570300158,25310949.20484312,1266
CAIXA SEGURADORA ESPECIALIZADA EM SAÚDE S/A,SP,3843389296.0,2793160.8255813955,22248289.66019429,1376
FUNDAÇÃO SAÚDE ITAÚ,MG,3645674218.0,1042514.7892479268,21420829.533307925,3497
PORTO SEGURO - SEGURO SAÚDE S/A,SP,3571884772.0,1019664.5081358835,22940989.726859532,3503
UNIMED GOIANIA COOPERATIVA DE TRABALHO MÉDICO,GO,3501269720.0,992142.1705865684,34493641.50412524,3529
LEVE SAUDE OPERADORA DE PLANOS DE SAUDE S.A,RJ,3461468489.0,1442278.5370833334,15124667.227564264,2400
OMINT SERVIÇOS DE SAÚDE S.A.,SP,3158483391.0,1515587.0398272553,34854777.70748513,2084
GEAP AUTOGESTÃO EM SAÚDE,DF,2951274047.0,1203128.433346922,19388188.504435435,2453
PASA - PLANO DE ASSISTENCIA A SAUDE DO APOSENTADO DA VALE,RJ,2931115569.0,1350744.5018433179,14569313.659822533,2170
BIO SAÚDE SERVIÇOS MÉDICOS LTDA,SP,2899859896.0,1924260.0504313204,17476669.0509985,1507
CENTRO TRASMONTANO DE SAO PAULO,SP,2854272083.0,1932479.4062288422,23484085.067435768,1477
IBBCA 2008 GESTÃO EM SAÚDE LTDA,RJ,2839970419.0,2356821.9244813276,15882354.891087247,1205
FUNDAÇÃO CESP,SP,2586102223.0,1814808.5775438596,43021345.85756763,1425
DOCTOR CLIN OPERADORA DE PLANOS DE SAÚDE LTDA.,RS,2519881425.0,1038698.0317394888,11498010.332590343,2426
UNIMED-SÃO GONÇALO - NITERÓI - SOC.COOP.SERV.MED E HOSP LTDA,RJ,2179113189.0,699330.291720154,10472025.600737225,3116
SUL AMERICA COMPANHIA DE SEGURO SAÚDE,RJ,2024365908.0,486743.4258235153,15249127.258021917,4159
UNIMED SAÚDE E ODONTO S.A,SP,1708613913.0,800662.5646672915,8265098.804293687,2134
GAMA SAUDE LTDA.,SP,1686870646.0,1164161.9365079366,13026476.627446653,1449
POSTAL SAÚDE CAIXA DE ASSISTÊNCIA E SAÚDE DOS EMPREGADOS DOS CORREIOS,DF,1640587038.0,787986.0893371758,22518518.768631544,2082
CAIXA DE ASSISTÊNCIA DOS FUNCIONÁRIOS DO BANCO DO NORDESTE DO BRASIL,CE,1593905215.0,735535.4014766959,6969953.261186284,2167
HUMANA SAÚDE NORDESTE LTDA. ,PI,1558089185.0,485537.2966656279,17308460.140984647,3209
PROMÉDICA - PROTEÇÃO MEDICA A EMPRESAS S.A.,BA,1515586260.0,843398.0300500835,7761838.496076467,1797
UNIMED CURITIBA - SOCIEDADE COOPERATIVA DE MÉDICOS,PR,1508814642.0,371812.38097585016,7569064.052543832,4058
AMEPLAN ASSISTÊNCIA MÉDICA PLANEJADA LTDA,SP,1486277768.0,238567.86003210273,4385306.021234926,6230
LIFE EMPRESARIAL SAÚDE LTDA.,SP,1448907943.0,628866.2947048611,6878957.411245128,2304
UNIMED DE JOINVILLE COOPERATIVA DE TRABALHO MÉDICO,SC,1445882390.0,544588.4708097929,8098977.120757553,2655
BIOVIDA SAÚDE LTDA.,SP,1440929747.0,117320.44837974271,3052314.628742709,12282
SAMEL PLANO DE SAÚDE LTDA,AM,1406612586.0,856645.9110840438,6045811.368097583,1642
UNIMED DE PRESIDENTE PRUDENTE COOPERATIVA DE TRAB. MÉDICO,SP,1384883768.0,394329.09111617313,10820337.584676927,3512
GRUPO HOSPITALAR DO RIO DE JANEIRO LTDA,RJ,1342973704.0,529772.6642998027,7206044.050308636,2535
PLANO HOSPITAL SAMARITANO LTDA,SP,1322270023.0,173662.99225111637,3455163.4741206695,7614
SÃO LUCAS SAÚDE S/A,SP,1246308959.0,585121.5769953051,5987590.295590224,2130
QUALLITY PRÓ SAÚDE PLANO DE ASSISTÊNCIA MÉDICA LTDA.,DF,1220701400.0,562794.5597049332,5322276.693326359,2169
QUALICORP CLUBE DE SAÚDE ADMINISTRADORA DE BENEFÍCIOS LTDA.,SP,1190510711.0,927189.0272585669,6307759.883471264,1284
FUNDACAO LEONOR DE BARROS CAMARGO,SP,1165003995.0,852234.0855888808,12537423.357308498,1367
PLAMED PLANO DE ASSISTENCIA MEDICA LTDA,SE,1143233883.0,951109.7196339434,6733013.024157602,1202
FUNDAÇÃO ASSISTENCIAL DOS SERVIDORES DO MINISTÉRIO DA FAZENDA,DF,1134594704.0,556992.9818360334,18392029.09424309,2037
UNIMED CUIABA COOPERATIVA DE TRABALHO MÉDICO,MT,1102257293.0,216681.20562217417,6046149.312464487,5087
UNIMED DE BAURU COOPERATIVA DE TRABALHO MÉDICO,SP,1063298348.0,251608.69569332703,4828837.263247072,4226
MEDISERVICE OPERADORA DE PLANOS DE SAÚDE S.A.,SP,1046148916.0,549736.6873357856,5829193.113588143,1903
OPERADORA UNIESTE DE PLANOS DE SAÚDE LTDA,RJ,1024882093.0,622650.1172539489,4962025.934817459,1646
ITAUSEG SAÚDE S.A.,SP,1013297593.0,527759.1630208333,10742417.178237356,1920
METLIFE PLANOS ODONTOLÓGICOS LTDA.,SP,991444682.0,591201.3607632677,5708103.570826267,1677
UNIMED RONDONOPOLIS COOPERATIVA DE TRABALHO MÉDICO LTDA,MT,979072892.0,246617.85692695214,6218536.796117095,3970
UNIMED VALE DO AÇO COOPERATIVA DE TRABALHO MÉDICO,MG,943687783.0,499570.0280571731,7651163.098211025,1889
PLENA SAÚDE S.A.,SP,935803628.0,432841.6410730805,3776590.3308257237,2162
ASSOCIAÇÃO DOS SERVIDORES FISCAIS DO ESTADO DA BAHIA,BA,879924600.0,541492.0615384616,5041698.784491067,1625
UNIMED DO EST. DO RJ FEDERAÇÃO EST. DAS COOPERATIVAS MÉDICAS,RJ,810251152.0,325271.4379767162,16289781.09514649,2491
CABERJ INTEGRAL SAÚDE S.A,RJ,806565357.0,569206.3211009174,4374579.693995355,1417
AFFIX ADMINISTRADORA DE BENEFÍCIOS LTDA,SP,799091464.0,64651.41294498382,1533460.4675748243,12360
UNIMED PORTO ALEGRE - COOPERATIVA MÉDICA LTDA.,RS,777020104.0,187504.85135135136,3837972.150899029,4144
TERRAMAR ADMINISTRADORA DE PLANO DE SAUDE LTDA,BA,771876251.0,507813.3230263158,3490009.0043546367,1520
UNIMED SEGUROS SAÚDE S/A,SP,757539904.0,255925.64324324325,4069424.7373713586,2960
UNIÃO MÉDICA PLANOS DE SAÚDE S/A,BA,755911533.0,401226.928343949,3482459.5839877166,1884
UNIMED SOROCABA COOPERATIVA DE TRABALHO MÉDICO,SP,732803025.0,273536.03023516235,6123904.502937632,2679
UNIMED CAMPINAS - COOPERATIVA DE TRABALHO MÉDICO,SP,731184359.0,145974.11838690357,3298642.603863865,5009
UNIMED DO BRASIL - CONF. NACIONAL DAS COOPERATIVAS MÉDICAS,SP,718829236.0,436712.780072904,13914364.16785697,1646
UNIMED PORTO VELHO - SOCIEDADE COOPERATIVA MÉDICA LTDA,RO,686204425.0,263519.3644393241,5382646.641935876,2604
AUSTACLINICAS ASSISTÊNCIA MÉDICA E HOSPITALAR LTDA,SP,685857728.0,317232.9916743756,3399211.694835499,2162
UNIMED JUNDIAI - COOPERATIVA DE TRABALHO MÉDICO,SP,679870036.0,222835.14782038674,3512852.412289992,3051
ASSOCIAÇÃO DE BENEFICÊNCIA E FILANTROPIA SÃO CRISTOVÃO,SP,658187318.0,261600.6828298887,5644487.745642675,2516
UNIMED DO ESTADO DE SÃO PAULO - FEDERAÇÃO ESTADUAL DAS COOP. MÉDICAS,SP,638502859.0,197678.90371517028,3689185.9708140497,3230
UNIMED JOAO PESSOA - COOPERATIVA DE TRABALHO MÉDICO,PB,635911699.0,239514.76421845573,5934010.338609947,2655
UNIMED LITORAL COOPERATIVA DE TRABALHO MÉDICO LTDA,SC,635365508.0,164815.95538261998,4630326.653330839,3855
ADVANCE PLANOS DE SAÚDE LTDA,SP,632760282.0,479727.27975739195,3856123.360073776,1319
BENEVIX ADMINISTRADORA DE BENEFÍCIOS LTDA,ES,631748756.0,397326.26163522014,3633001.316149963,1590
INTEGRA ASSISTENCIA MEDICA SA,SP,620594066.0,567270.6270566727,5148038.452454363,1094
UNIMED CAMPO GRANDE MS COOPERATIVA DE TRABALHO MÉDICO,MS,614229419.0,176858.4563777714,6891138.855524486,3473
UNIMED UBERABA COOPERATIVA DE TRABALHO MEDICO LTDA.,MG,595613155.0,193506.5480831709,2792963.4447243535,3078
PREVIDENT ASSISTÊNCIA ODONTOLÓGICA S.A,SP,595292804.0,471332.386381631,3707742.8446083493,1263
UNIMED COSTA OESTE - COOPERATIVA DE TRABALHO MÉDICO,PR,590444792.0,73981.30459842125,1313464.4501921935,7981
UNIMED DE FORTALEZA SOCIEDADE COOPERATIVA MÉDICA LTDA.,CE,588043834.0,122662.4601585315,2781790.8484563,4794
UNIHOSP SAÚDE LTDA,SP,578161711.0,47073.90579710145,1147105.5215085722,12282
ZURICH SANTANDER BRASIL ODONTO LTDA.,SP,576508823.0,559174.4161008729,4187602.816666261,1031
ASSOCIAÇÃO ADVENTISTA NORTE BRASILEIRA DE PREVENÇÃO E ASSISTÊNCIA A SAÚDE,PA,574949793.0,324463.7658013544,6165629.792416149,1772
UNIMED DE PIRACICABA SOCIEDADE COOPERATIVA DE SERVIÇOS MÉDICOS,SP,561889372.0,123791.44569288389,2272830.444748139,4539
SAÚDE BRASIL ASSISTÊNCIA MÉDICA LTDA.,SP,559647179.0,504641.2795311091,2747347.4478680245,1109
UNIMED CHAPECÓ - COOPERATIVA DE TRABALHO MÉDICO DA REGIÃO OESTE CATARINENSE,SC,554971689.0,172084.2446511628,6799427.642189831,3225
CAIXA DE ASSISTENCIA DOS SERVIDORES DO ESTADO DE MATO GROSSO DO SUL,MS,553668288.0,280338.3736708861,5730474.970246939,1975
UNIMED NORTE DO MATO GROSSO COOPERATIVA DE TRABALHO MÉDICO,MT,552612212.0,228352.15371900826,6443218.527899898,2420
UNIMED ANHANGUERA COOPERATIVA DE TRABALHO MÉDICO,SP,541046579.0,179929.02527435982,2631964.902085651,3007
UNIMED SAO JOSE DOS CAMPOS - COOPERATIVA DE TRABALHO MEDICO,SP,540869848.0,124024.27149736299,3658784.637783096,4361
COOPERATIVA DE TRABALHO MÉDICO DE POUSO ALEGRE,MG,536213716.0,195484.40247903756,2820480.1595199,2743
UNIMED DE TUBARAO - COOPERATIVA DE TRABALHO MEDICO DA REGIAO DA AMUREL,SC,534279654.0,111238.73703935041,3765961.099531788,4803
SUPERMED ADMINISTRADORA DE BENEFÍCIOS LTDA.,RJ,528952859.0,506174.98468899523,3845734.923605711,1045
UNIMED DE LIMEIRA COOPERATIVA DE TRABALHO MÉDICO,SP,525516412.0,171962.1767015707,5082300.097648575,3056
ALVORECER - ASSOCIAÇÃO DE SOCORROS MÚTUOS,SP,523830636.0,42775.65213130818,838019.1956708874,12246
UNIMED BELÉM COOPERATIVA DE TRABALHO MÉDICO,PA,519333994.0,190861.44579198823,2729222.7031485154,2721
UNIMED SAO JOSÉ DO RIO PRETO - COOP. DE TRABALHO MÉDICO,SP,510351805.0,113487.1703357794,4265985.068260402,4497
UNIMED CAMPINA GRANDE - COOPERATIVA DE TRABALHO MEDICO LTDA,PB,501562219.0,259473.47077082255,3409933.688794271,1933
UNIMED SALTO/ITU - COOPERATIVA MÉDICA,SP,493251632.0,153948.6991260924,1793515.1927469773,3204
UNIMED DE CASCAVEL COOPERATIVA DE TRABALHO MÉDICO,PR,488481091.0,114666.92276995305,3017536.4141457644,4260
PLANO DE SAÚDE ANA COSTA LTDA.,SP,486437171.0,211127.24435763888,6491268.400966656,2304
AMHA SAUDE S/A,SP,466184608.0,306297.3771353482,2357458.0717158467,1522
UNIVIDA USA OPERADORA EM SAUDE S/A,SP,452124322.0,36983.58462167689,693341.9211484028,12225
PARANA ASSISTENCIA MEDICA LTDA,PR,431330288.0,198495.3005062126,2014809.5252969896,2173
IRMANDADE DA SANTA CASA DE MISERICÓRDIA DE PASSOS,MG,425870262.0,216397.49085365853,3687937.377613529,1968
UNIMED VALE DO SEPOTUBA - COOPERATIVA DE TRABALHO MÉDICO,MT,422498166.0,149451.06685532368,4286706.497000049,2827
UNIMED DE RIBEIRAO PRETO - COOPERATIVA DE TRABALHO MÉDICO,SP,422467510.0,143647.57225433525,3972519.4914877764,2941
UNIMED NOVA IGUACU COOPERATIVA DE TRABALHO MEDICO,RJ,421666102.0,152611.69091567138,3559246.336355674,2763
UNIMED DE VOLTA REDONDA COOPERATIVA DE TRABALHO MÉDICO,RJ,416005190.0,116137.6856504746,3045467.6122134873,3582
UNIMED SERGIPE - COOPERATIVA DE TRABALHO MÉDICO,SE,412080477.0,93910.77415679125,1354441.205282396,4388
UNIMED REGIONAL JAU - COOPERATIVA DE TRABALHO MÉDICO,SP,410484578.0,106564.01298027,1759050.509868381,3852
ASSOCIAÇÃO DE SAÚDE PORTUGUESA DE BENEFICÊNCIA,SP,408459114.0,262843.7027027027,4114723.810781113,1554
MED-TOUR ADMINISTRADORA DE BENEFÍCIOS E EMPREENDIMENTOS LTDA.,SP,406302167.0,228003.46071829405,2118510.93423998,1782
UNIMED DE BOTUCATU COOPERATIVA DE TRABALHO MÉDICO,SP,403931312.0,151285.13558052434,1986181.4925698985,2670
SBC SAÚDE LTDA.,SP,400000966.0,319489.589456869,2492512.274231133,1252
2CARE OPERADORA DE SAÚDE LTDA.,SP,397469779.0,218991.61377410468,2160675.1242304947,1815
ASSOCIAÇÃO DR. BARTHOLOMEU TACCHINI,RS,389145296.0,205462.14149947203,2494716.573073875,1894
UNIMED SANTA MARIA/RS - COOPERATIVA DE ASSISTÊNCIA À SAÚDE LTDA,RS,384927777.0,110294.49197707737,1761247.2868549544,3490
GOCARE PLANOS DE SAUDE LTDA,SP,382144761.0,209739.16630076838,3367487.0586792226,1822
"SERVIÇO SOCIAL DA INDÚSTRIA DO PAPEL, PAPELÃO E CORTIÇA DO ESTADO DE SÃO PAULO - SEPACO",SP,378416524.0,269719.54668567353,5958673.701272537,1403
ODONTO SEG OPERADORA DE PLANOS ODONTOLOGICOS S.A.,SP,376313156.0,30639.403680182382,772632.33949003,12282
UNIMED PELOTAS/RS - COOPERATIVA DE ASSISTÊNCIA À SAÚDE LTDA.,RS,370522639.0,123425.26282478348,1665551.6327162867,3002
UNIMED NOVA FRIBURGO-SOC.COOP.SERV.MED.HOSP.LTDA.,RJ,368194371.0,143377.8703271028,2528641.5752571328,2568
ESMALE ASSISTENCIA INTERNACIONAL DE SAUDE LTDA.,AL,362252005.0,256552.41147308782,1214684.0890623927,1412
AMHE MED ASSISTENCIA A SAUDE LTDA - EPP,SP,362228314.0,70900.04188686631,732735.730579536,5109
BENEFICENCIA SOCIAL BOM SAMARITANO,MG,359055554.0,199586.1889938855,5904675.786618439,1799
FUNDAÇÃO COPEL DE PREVIDÊNCIA E ASSISTÊNCIA SOCIAL,PR,356462472.0,216562.86269744835,4350852.927926743,1646
SINDIFISCO NACIONAL - SINDICATO NACIONAL DOS AUDITORES-FISCAIS DA RECEITA FEDERAL DO BRASIL,DF,352536308.0,173748.7964514539,4303531.144653506,2029
UNIMED DE MANAUS COOP. DO TRABALHO MÉDICO LTDA,AM,348968516.0,155235.1049822064,3931220.564618238,2248
UNIMED REGIONAL DA BAIXA MOGIANA - COOPERATIVA DE TRABALHO MÉDICO,SP,347671753.0,104031.04518252543,2694754.00240077,3342
UNIMED DE MACAÉ COOPERATIVA DE ASSISTÊNCIA À SAÚDE,RJ,343231066.0,87760.43620557402,2472543.0804904504,3911
CAIXA DE ASSISTÊNCIA DOS EMPREGADOS DO BANCO DO ESTADO DO RIO GRANDE DO SUL,RS,341158437.0,186425.37540983607,5630828.058587504,1830
KLINI PLANOS DE SAÚDE LTDA,RJ,331847086.0,237372.7367668097,5698968.090572628,1398
VIDA TOP MAIS SAÚDE OPERADORA DE PLANOS DE SAÚDE LTDA.,SP,322740104.0,191764.7676767677,1822217.262567786,1683
PREVENT SENIOR CORPORATE OPERADORA DE SAÚDE LTDA.,SP,319698216.0,428549.8873994638,2410721.1722100857,746
SANTA CASA DE MISERICÓRDIA DE JUIZ DE FORA,MG,317806954.0,136808.84804132587,2197074.455349276,2323
UNIMED DE GUARULHOS COOPERATIVA DE TRABALHO MÉDICO,SP,311192162.0,98013.27937007874,2877574.7639347254,3175
UNIMED UBERLÂNDIA COOPERATIVA REGIONAL TRABALHO MÉDICO LTDA,MG,309506203.0,68611.43937042785,1390157.3787838856,4511
AMPLA PLANOS DE SAUDE LTDA,RJ,308115647.0,73924.09956813819,995269.8031936507,4168
UNIMED DE DOURADOS COOPERATIVA DE TRABALHO MÉDICO LTDA,MS,306496031.0,104108.70618206522,3837888.7123384657,2944
UNIMED-RIO COOPERATIVA DE TRABALHO MEDICO DO RIO DE JANEIRO,RJ,304756055.0,393741.673126615,3113136.7337376755,774
METRUS INSTITUTO DE SEGURIDADE SOCIAL,SP,303934664.0,171617.5403726708,4626448.515926244,1771
UNIMED NORTE CAPIXABA- COOPERATIVA DE TRABALHO MÉDICO,ES,299593402.0,93652.20443888716,2021779.674124961,3199
ASSOCIAÇÃO DE ASSISTÊNCIA À SAÚDE DA AMAGIS,MG,295806635.0,191460.60517799354,3745333.646916594,1545
ATÍVIA SERVIÇOS DE SAÚDE S/A,SP,291430978.0,227502.7150663544,1947765.9828711383,1281
UNIMED POÇOS DE CALDAS - SOC. COOP. DE TRAB. E SERVIÇOS MÉDICOS,MG,289956042.0,119372.59860024702,3523772.5543123824,2429
UNIMED DE SANTOS COOP DE TRAB MEDICO,SP,285302038.0,79206.56246529706,1539853.026801725,3602
TECBEN ADMINISTRADORA DE BENEFICIOS LTDA.,SP,284320883.0,300233.2449841605,1881865.5104258864,947
CENTRO HOSPITALAR ATIBAIA LTDA.,SP,283456471.0,205403.23985507246,1476097.2803631688,1380
UNIMED NATAL SOC. COOP. DE TRAB. MÉDICO,RN,282523550.0,86770.13206388206,1075635.1321027514,3256
ÚNICA ASSISTENCIA MEDICA LTDA ,SP,278765210.0,327573.6897767332,1549376.393114881,851
UNIMED VALE DO CAÍ/RS - COOPERATIVA DE ASSISTÊNCIA À SAÚDE LTDA.,RS,278751027.0,90181.50339695891,2585375.809482859,3091
OESTE SAÚDE ASSISTÊNCIA A SAÚDE SUPLEMENTAR S.A,SP,278621845.0,167340.44744744746,1552387.2180853286,1665
AURORA SAÚDE LTDA,MG,278212846.0,173665.94631710363,1202659.7815271642,1602
UNIMED - COOPERATIVA DE SERVIÇOS DE SAÚDE DOS VALES DO TAQUARI E RIO PARDO LTDA.,RS,274592366.0,65239.33618436683,3973919.141278158,4209
NOTRE DAME INTERMÉDICA MINAS GERAIS SAÚDE S.A.,CE,269654874.0,62988.758234057466,1899041.746504431,4281
UNIMED RECIFE COOPERATIVA DE TRABALHO MÉDICO,PE,266591668.0,103853.39618231398,3905791.342715511,2567
UNIMED CENTRO OESTE PAULISTA - FEDERAÇÃO INTRAFEDERATIVA DAS COOPERATIVAS MÉDICAS,SP,264869243.0,141263.59626666666,1571154.8834559177,1875
AMESC - ASSOCIAÇÃO MÉDICA ESPÍRITA CRISTÃ,RJ,264853069.0,137016.5902741852,1875322.1882433956,1933
UNIMED MACEIO COOPERATIVA DE TRABALHO MÉDICO,AL,263573961.0,81982.56951788491,1702592.1754990916,3215
BENSAUDE PLANO DE ASSISTENCIA MEDICA HOSPITALAR LTDA.,SP,259545374.0,111201.95972579264,1891897.318993389,2334
UNIX SAÚDE S.A,BA,257336656.0,165277.23570969814,1697947.2220137485,1557
UNIMED DE CAMPOS COOPERATIVA DE TRABALHO MÉDICO,RJ,255205255.0,78621.45871842267,2737797.3827053346,3246
GARANTIA DE SAÚDE LTDA,SP,252674466.0,165471.163064833,1394632.3780764428,1527
PORTOMED - PORTO SEGURO SERVIÇOS DE SAUDE LTDA,SP,251855867.0,71835.67227609812,1722983.1547225257,3506
UNIMED VALE DO SÃO FRANCISCO COOPERATIVA DE TRABALHO MÉDICO,PE,249482482.0,90523.3969521045,1820184.9005109053,2756
LIVRI OPERADORA DE PLANO DE SAÚDE LTDA,SP,248655047.0,239091.39134615383,1518294.2139649517,1040
UNIMED ITAJUBA COOPERATIVA DE TRABALHO MEDICO,MG,236964001.0,89352.9415535445,2117834.387420979,2652
UNIMED COSTA VERDE RJ,RJ,233344235.0,109192.43565746373,1111259.8902000836,2137
SAUDE PAS - MEDICINA E ODONTO,RS,232821731.0,164074.51092318533,1645969.6977053985,1419
UNIMED CURVELO COOPERATIVA DE TRABALHO MÉDICO LTDA.,MG,231283023.0,76205.27940691928,2355785.9467033935,3035
TEMPO MED PLANO DE SAUDE LTDA,SC,230879966.0,147151.0299553856,1258826.9482445272,1569
ABERTTA SAÚDE - ASSOCIAÇÃO BENEFICENTE DOS EMPREGADOS DA ARCELORMITTAL NO BRASIL,MG,227593606.0,105956.05493482309,4799527.730345897,2148
HBC SAÚDE LTDA.,SP,227051311.0,153102.70465273096,1043385.6062880582,1483
UNIMED ALTO DA SERRA - SOCIEDADE COOPERATIVA DE SERVIÇO MÉDICO LTDA.,RS,226597782.0,64392.66325660699,1103157.8704624064,3519
COOPERATIVA CENTRAL UNIMED DE COOPERATIVAS DE ASSISTÊNCIA À SAÚDE DO RIO GRANDE DO SUL LTDA.,RS,223692195.0,47523.304652645,1217766.111394853,4707
UNIMED PLANALTO MÉDIO/RS - COOPERATIVA DE ASSISTÊNCIA À SAÚDE LTDA.,RS,222636362.0,93192.28212641273,3875152.68344933,2389
UNIMED DE ARARAQUARA - COOP. DE TRAB. MÉDICO,SP,221567794.0,75697.9139050222,1728804.4391083447,2927
ASSOCIAÇÃO SANTA SAÚDE,SP,221007352.0,107441.59066601847,2534783.452148991,2057
UNIMED FEDERAÇAO DO ESTADO DO MATO GROSSO,MT,218133137.0,230341.22175290392,2640086.492248787,947
UNIODONTO DE FORTALEZA COOPERATIVA DE TRABALHO ODONTOLOGICO LTDA,CE,216351499.0,116883.57590491626,1136452.1833255114,1851
MEDHEALTH PLANOS DE SAÚDE LTDA,PR,215690323.0,186744.8683982684,1365673.0989718318,1155
UNIMED PALMAS COOPERATIVA DE TRABALHO MÉDICO,TO,215256911.0,61100.45728072665,1524435.101983794,3523
SULMED - ASSISTÊNCIA MÉDICA LTDA,RS,215180136.0,103851.41698841698,1424842.73277821,2072
IRMANDADE DA SANTA CASA DE MISERICÓRDIA DE PIRACICABA,SP,213857994.0,117054.18390804598,3438032.068729181,1827
ASSOCIACAO DOS AUDITORES FISCAIS DA RECEITA ESTADUAL DE SAO PAULO,SP,213786163.0,120172.09836987071,3948462.0937487693,1779
SF SISTEMAS DE SAÚDE LTDA,SP,211710513.0,17241.673833374054,408787.8404965575,12279
CONFERÊNCIA SÃO JOSÉ DO AVAÍ,RJ,210478665.0,144064.79466119097,2047076.3190535682,1461
CAIXA DE ASSISTÊNCIA À SAÚDE DOS SERVIDORES PÚBLICOS DO ESTADO DO MATO GROSSO DO SUL,MS,205314042.0,126191.7897971727,2292770.098209882,1627
SERV  SOCIAL AUTÔNOMO DE ASSIST À SAÚDE DOS SERV PÚBLICOS E MILITARES DE GOIÁS,GO,203905400.0,149600.4402054292,3092802.9933507903,1363
AMAZÔNIA PLANOS DE SAÚDE LTDA,PA,201919578.0,154490.87834736035,952413.5989345498,1307
VITA ASSISTÊNCIA A SAÚDE LTDA.,MG,199441450.0,113966.54285714286,997400.4653011699,1750
HOSPITAIS E CLÍNICAS DO PIAUÍ S/S LTDA,PI,199136462.0,113274.43799772469,1113517.8412600006,1758
ALLIANZ SAÚDE S/A,SP,198372016.0,39714.117317317316,2494981.6648905165,4995
CENTRAL REGIONAL DAS COOPERATIVAS MÉDICAS - UNIMED CERRADO,GO,195745986.0,103241.55379746835,1348919.82350262,1896
RESOLVE ADMINISTRADORA DE BENEFÍCIOS LTDA,PI,195538602.0,290116.6201780415,2266151.244158152,674
ASSOCIAÇAO DOS FUNCIONARIOS PUBLICOS DO ESTADO DO RIO GRANDE DO SUL,RS,194145131.0,95309.34266077566,1614073.7755929816,2037
UNIMED DE MINEIROS COOPERATIVA DE TRABALHO MÉDICO ,GO,192443023.0,61998.396585051545,1305911.0641294797,3104
SEMPRE ODONTO PLANOS ODONTOLOGICOS LTDA,RJ,191901558.0,128879.48824714574,1229323.2943713851,1489
MATÃO CLINICAS & AMHMA SAÚDE LTDA,SP,191772139.0,111365.9343786295,769477.1973305743,1722
CARE PLUS ODONTOLOGIA ASSISTENCIAL LTDA.,SP,190950440.0,111471.36018680678,1198009.1737056016,1713
BEST SENIOR OPERADORA DE SAÚDE LTDA,ES,190931436.0,115436.17654171705,859298.4714550637,1654
UNIMED DE BEBEDOURO COOPERATIVA DE TRABALHO MÉDICO,SP,190498302.0,66771.2239747634,1411330.597304586,2853
ASSOCIAÇÃO DE ASSISTÊNCIA À SAÚDE DOS EMPREGADOS DA COPASA,MG,187295882.0,109529.75555555556,2219089.648353918,1710
CENTRAL OPERADORA DE PLANOS DE SAÚDE NORTE-NORDESTE LTDA,PB,186664921.0,236584.18377693283,1520005.5084053986,789
UNIMED GRANDE FLORIANÓPOLIS-COOPERATIVA DE TRABALHO MEDICO,SC,186361884.0,39940.39519931419,955769.6138208156,4666
UNIMED SÃO CARLOS - COOPERATIVA DE TRABALHO MÉDICO,SP,186097175.0,59323.2945489321,1046898.6530599825,3137
VIVENTERIS LTDA,PR,185293404.0,15112.42182529973,296786.51428318303,12261
UNIMED DIVINOPOLIS - COOPERATIVA DE TRABALHO MEDICO LTDA,MG,183872942.0,57496.22951844903,1122368.634294404,3198
UNIMED VIÇOSA - COOPERATIVA DE TRABALHO MÉDICO,MG,183440304.0,75057.40752864158,2181692.516987919,2444
UNIMED DE MOCOCA COOPERATIVA DE TRAB. MÉDICO,SP,181395022.0,61657.04350781781,1279666.980492774,2942
XP ADMINISTRADORA DE BENEFÍCIOS LTDA.,SP,180133685.0,286837.0780254777,1670060.553362308,628
ASSOCIAÇÃO SANTA CASA SAÚDE DE SÃO JOSÉ DOS CAMPOS,SP,179875108.0,94870.83755274261,937911.0506813488,1896
UNIMED DE CRICIÚMA COOPERATIVA DE TRABALHO MÉDICO DA REGIÃO CARBONÍFERA,SC,177429608.0,46532.81091004459,1324831.4763768842,3813
UNIMED DE MARILIA COOPERATIVA DE TRABALHO MÉDICO,SP,175615491.0,47476.477696674774,1907516.000681894,3699
CAIXA DE ASSISTÊNCIA DOS FUNCIONÁRIOS DO BANCO DA AMAZÔNIA - CASF,PA,174232079.0,92332.84525702173,1875054.09543345,1887
VITTA SAUDE ADMINISTRADORA DE BENEFICIOS LTDA.,SP,173892858.0,247006.90056818182,1524410.6234625683,704
NOVA SAÚDE OPERADORA INTEGRADA DE SAÚDE LTDA,RJ,173592600.0,147487.3406966865,776205.6772364248,1177
UNIMED SUL CAPIXABA COOPERATIVA DE TRABALHO MÉDICO,ES,171262436.0,38382.43747198566,1785476.6858883284,4462
CAIXA DE ASSISTENCIA A SAUDE DA UNIVERSIDADE,MG,170387139.0,148034.00434404865,2753971.6555231023,1151
UNIMED OESTE DO PARÁ - COOPERATIVA DE TRABALHO MÉDICO,PA,169963710.0,102019.03361344538,2281232.311400574,1666
SAÚDE SANTA TEREZA LTDA.,SP,168263373.0,94956.75677200903,1081619.899528547,1772
CAIXA DE ASSISTÊNCIA OSWALDO CRUZ,RJ,166954044.0,125623.81038374717,4325751.208840159,1329
PLAMER PLANO MEDICO RESENDE LTDA,RJ,166353022.0,13458.982362459546,306353.1579400313,12360
UNIMED TRÊS RIOS COOPERATIVA DE TRABALHO MÉDICO,RJ,166147906.0,79269.0391221374,764174.0126334594,2096
SV SAUDE ADMINSTRADORES DE PLANO DE SAUDE LTDA,RJ,165802284.0,106762.57823567289,929709.8193007712,1553
NOSSA SAÚDE - OPERADORA PLANOS PRIVADOS DE ASSISTÊNCIA  À SAÚDE LTDA.,PR,164047179.0,67315.21501846533,793095.7286515536,2437
AMPARA ASSISTÊNCIA MÉDICA PARAÍSO LTDA,MG,163262604.0,80903.17343904857,829224.5280590189,2018
SUL AMÉRICA ODONTOLÓGICO S/A,SP,161610510.0,64903.819277108436,1325983.697355725,2490
PRONTOMED PLANOS DE SAÚDE LTDA,MG,159813174.0,88785.09666666666,1592242.6795385529,1800
UNIMED CONSELHEIRO LAFAIETE COOPERATIVA DE TRABALHO MÉDICO LTDA,MG,159189669.0,53816.65618661258,1256315.323424693,2958
UNIMED GUAXUPÉ COOPERATIVA DE TRABALHO MEDICO,MG,158272528.0,62781.64537881793,966604.3614413282,2521
UNIMED CENTRO PAULISTA - FEDERAÇÃO INTRAFEDERATIVA DAS COOPERATIVAS MÉDICAS,SP,156756552.0,87280.93095768374,1653769.6157878735,1796
UNIMED ALTO SÃO FRANCISCO COOPERATIVA DE TRABALHO MÉDICO,MG,155002898.0,55776.50161928751,1807262.700300256,2779
UNIMED ITABIRA COOPERATIVA DE TRABALHO MÉDICO,MG,154235297.0,69194.83938986092,1079702.3731854472,2229
SAMP ESPIRITO SANTO ASSISTENCIA MEDICA SA,ES,152548378.0,44840.79306290417,1108357.0202984454,3402
UNIMED PATOS DE MINAS COOPERATIVA TRABALHO MÉDICO LTDA.,MG,152524243.0,38978.85075389726,1331821.6115075417,3913
SERMED-SAÚDE LTDA.,SP,151855967.0,64155.457118715676,751484.5995889928,2367
UNIMED CENTRO RONDÔNIA COOPERATIVA DE TRABALHO MÉDICO,RO,150788915.0,53757.1889483066,813312.8780098428,2805
SAMOC S.A. - SOCIEDADE ASSISTENCIAL MÉDICA E ODONTO CIRÚRGICA,RJ,149780477.0,87744.86057410661,785381.3045190661,1707
PB ASSISTENCIA MEDICA EU LTDA,BA,148876883.0,114962.84401544402,778213.293979268,1295
MEDGOLD ASSISTENCIA MEDICA LTDA - ME,MG,148869837.0,81083.78921568628,507337.67884314765,1836
AMEP FREGUESIA OPERADORA DE PLANO DE SAUDE LTDA,RJ,146820519.0,97945.64309539692,854718.195560502,1499
AME-ASSISTÊNCIA MÉDICA A EMPRESAS LTDA,MG,146690317.0,103814.80325548479,765658.5353494117,1413
CORPORE ADMINISTRADORA DE BENEFICIOS DA SAUDE LTDA,SP,145177674.0,94949.4270765206,668753.8935109829,1529
ODILE SERVIÇOS DE SAÚDE LTDA.,SP,144827082.0,192078.35809018568,1392969.9339272536,754
ASSISTÊNCIA MÉDICA SÃO MIGUEL LTDA,SP,144027946.0,11726.750203549911,259475.407479448,12282
PORTO DIAS SAUDE LTDA.,PA,141209609.0,172627.88386308067,1133185.9919205103,818
PLANO DE SAUDE ASES LTDA.,RJ,138862317.0,78144.24141812042,745324.6955178196,1777
CAIXA DE ASSISTÊNCIA DOS MAGISTRADOS DE PERNAMBUCO,PE,138044992.0,76310.1116639027,882763.6693532186,1809
UNITY SERVIÇOS INTEGRADOS DE SAÚDE LTDA.,DF,137960597.0,81973.02257872846,738890.5869521574,1683
UNIMED GOVERNADOR VALADARES COOP. DE TRABALHO MÉDICO LTDA.,MG,137502178.0,51460.395958083835,1694061.0315738514,2672
UNIMED NORTE/NORDESTE-FEDERAÇÃO INTERFEDERATIVA DAS SOCIEDADES COOPERATIVAS DE TRABALHO MÉDICO EM RECUPERAÇÃO JUDICIAL,PB,137437269.0,78222.69151963574,774269.8438359299,1757
UNIMED DE CATALÃO COOPERATIVA DE TRABALHO MÉDICO,GO,137247495.0,43598.31480304956,1456080.9202670134,3148
UNIMED VERTENTE DO CAPARAÓ - COOPERATIVA DE TRABALHO MÉDICO LTDA,MG,137021009.0,58530.97351559163,2063294.204551703,2341
UNIMED DE TATUI - COOPERATIVA DE TRABALHO MÉDICO,SP,136894040.0,43362.06525182135,1172360.5448822097,3157
PRONTOCLINICA E HOSPITAIS SAO LUCAS S/A,MG,136722367.0,56426.895171275275,920687.3676388107,2423
SANTA HELENA ASSISTÊNCIA MÉDICA S/A.,SP,136086374.0,53430.06438947782,1100515.3161573752,2547
UNIMED MISSÕES/RS - COOPERATIVA DE ASSISTÊNCIA À SAÚDE LTDA.,RS,134450884.0,36436.553929539295,1135859.6934512667,3690
OPERADORA UNICENTRAL DE PLANOS DE SAÚDE LTDA.,SP,133972180.0,83784.97811131958,924931.8481911671,1599
UNIMED DO ESTADO DO PARANÁ FEDERAÇÃO ESTADUAL DAS COOPERATIVAS MÉDICAS,PR,133685671.0,17925.136899973182,344420.25061927544,7458
UNIMED DE CAÇAPAVA - COOPERATIVA DE TRABALHO MEDICO,SP,133635837.0,35409.60174880763,962746.749268879,3774
ASSOCIAÇÃO PETROBRAS DE SAÚDE - APS,RJ,133287955.0,103968.76365054603,1485804.8168268767,1282
UNIMED OS BANDEIRANTES COOPERATIVA DE TRABALHO MÉDICO,SP,133277207.0,48676.84696859021,1460641.6081004073,2738
ODONTOART PLANOS ODONTOLÓGICOS LTDA,CE,132008470.0,84892.90675241158,593119.2865563092,1555
CARE PLUS MEDICINA ASSISTENCIAL LTDA.,SP,130145858.0,70654.6460369164,1819405.813228971,1842
UNIMED DE ASSIS COOPERATIVA DE TRABALHO MÉDICO,SP,129346697.0,40219.7440920398,1090287.3386859582,3216
UNIMED CATAGUASES COOPERATIVA DE TRABALHO MÉDICO LTDA,MG,127051048.0,46318.2821728035,1098413.6224726362,2743
UNIMED DE SOBRAL SOCIEDADE COOPERATIVA MÉDICA LTDA,CE,126947613.0,65912.57165109034,2259864.042260009,1926
UNIMED DE SANTA BÁRBARA D'OESTE E AMERICANA - COOP DE TRABALHO MÉDICO,SP,125389626.0,32208.997174415617,814154.5123166986,3893
DONA SAÚDE CLINICAS LTDA ,SP,125180660.0,26326.111461619348,318333.96050864906,4755
UNIMED EXTREMO SUL COOPERATIVA DE TRABALHO MÉDICO,BA,123711999.0,48763.105636578635,767648.8750170072,2537
UNIMED JUIZ DE FORA COOPERATIVA DE TRABALHO MÉDICO LTDA,MG,123446884.0,30877.159579789895,614045.3117337323,3998
UNIMED ARAXÁ COOPERATIVA DE TRABALHO MÉDICO LTDA.,MG,122474275.0,41700.46816479401,1828969.5049942837,2937
UNIMED GURUPI COOPERATIVA DE TRABALHO MÉDICO,TO,121990599.0,35996.04573620537,568802.8829968955,3389
FUNDAÇÃO AFFEMG DE ASSISTÊNCIA E SAÚDE - FUNDAFFEMG,MG,121136634.0,66194.88196721312,2704508.127923131,1830
UNIMED VITORIA COOPERATIVA DE TRABALHO MEDICO,ES,120572574.0,25642.82730752871,1092121.5534419247,4702
ASSOCIAÇÃO PLANO DE SAÚDE SANTA CASA DE VALINHOS,SP,120097536.0,9807.082802547771,193071.65755740658,12246
UNIMED NORTE DO PARANÁ COOPERATIVA REGIONAL DE TRABALHO MÉDICO,PR,118852705.0,39763.36734693877,452686.0733517569,2989
UNIMED NORDESTE PAULISTA - FED. INTRAFEDERATIVA DAS COOP. MÉDICAS,SP,116889252.0,43992.94392171622,867576.8135236513,2657
ANGELI SISTEMAS DE SAUDE S.A.,PR,116565614.0,96734.94937759337,613822.624796782,1205
UNIMED SUDOESTE DE MINAS COOPERATIVA DE TRABALHO MÉDICO,MG,116214613.0,46245.369279745326,1168707.7771791245,2513
UNIMED DE BARRETOS COOPERATIVA DE TRABALHO MÉDICO,SP,114935344.0,60238.6498951782,835260.4850059315,1908
HOSPITAL DE CLÍNICAS DE PASSO FUNDO,RS,114896280.0,125982.76315789473,1575996.633545724,912
OPERADORA DE PLANOS PRIVADOS DE SAÚDE - SANTA CASA SAÚDE LTDA,MS,114874590.0,80500.76384022424,901335.0702005585,1427
INSTITUIÇÃO BENEFICENTE CEL MASSOT - IBCM,RS,114308331.0,70998.96335403727,1644645.2974070585,1610
UNIMED RESENDE COOPERATIVA DE TRABALHO MÉDICO,RJ,113974943.0,42322.667285555144,503275.5344209889,2693
UNIMED DO ESTADO DE SANTA CATARINA FED. EST. DAS COOP. MÉD.,SC,113939771.0,29866.257142857143,1063083.5525846898,3815
VOCÊ TOTAL PLANOS DE SAÚDE LIMITADA,SP,113772928.0,106032.55172413793,773159.9693591099,1073
UNIMED SERRA GAUCHA/RS COOPERATIVA DE ASSISTENCIA A SAUDE LTDA,RS,113143993.0,22507.25939924408,469271.0142459281,5027
UNIMED PATROCÍNIO COOPERATIVA DE TRABALHO MÉDICO LTDA.,MG,112310142.0,53404.72753209701,1000702.4465675523,2103
CAIXA DE PREVIDÊNCIA E ASSISTÊNCIA DOS SERVIDORES DA FUNDAÇÃO NACIONAL DE SAÚDE - CAPESESP,RJ,112268308.0,80306.37195994277,2090218.450449439,1398
UNIMED APUCARANA COOPERATIVA DE TRABALHO MÉDICO,PR,112239104.0,31670.176072234764,1629025.5987168588,3544
ODONT-OPERADORA ODONTOLOGICA LTDA,SP,111903679.0,77603.10610263523,618184.5215013272,1442
VALEM ADMINISTRADORA DE BENEFÍCIOS LTDA,MG,111798031.0,75386.39986513823,659516.990392921,1483
SISTEMAS E PLANOS DE SAÚDE LTDA.,SP,110904855.0,60372.81164942842,811235.6486439947,1837
UNIMED VILHENA - COOPERATIVA DE TRABALHO MEDICO LTDA,RO,108034611.0,48862.32971506106,418521.81371373485,2211
ELOSAÚDE - ASSOCIAÇÃO DE ASSISTÊNCIA À SAÚDE,SC,107452701.0,59762.347608453834,1563975.27778402,1798
SAMIG - SERV. DE ASSISTENCIA MEDICA DA ILHA DO GOVERNADOR LTDA,RJ,107023153.0,78867.46720707443,478220.2678579871,1357
UNIMED FRONTEIRA NOROESTE/RS - COOPERATIVA DE ASSISTÊNCIA À SAÚDE LTDA.,RS,106827632.0,26627.026919242275,471475.07685750595,4012
UNIMED METROPOLITANA DO AGRESTE - COOPERATIVA DE TRABALHO MÉDICO,AL,106534703.0,44668.63857442348,796558.970095782,2385
G2C ADMINISTRADORA DE BENEFICIOS LTDA - ME,RJ,105540000.0,144180.32786885247,995900.9066489437,732
LIV LINHAS INTELIGENTES DE ATENÇÃO À VIDA S/A,SP,105536799.0,8538.575970873786,343958.76593231567,12360
EXCELÊNCIA PLANO DE SAÚDE S/A,ES,103214497.0,84880.34292763157,630042.7183394926,1216
EVO SAUDE ASSISTENCIA MEDICA LTDA,DF,103171943.0,102251.67789890981,590181.6674712255,1009
UNIMED DE RIO CLARO SP COOPERATIVA DE TRABALHO MEDICO,SP,103038192.0,23497.87730900798,1387740.7607221985,4385
CONFIANÇA ASSISTÊNCIA MÉDICO HOSPITALAR LTDA,MG,102000719.0,78101.62251148545,553418.658745418,1306
SÃO FRANCISCO ASSISTÊNCIA MÉDICA LTDA,PE,101797525.0,64428.81329113924,541839.731048453,1580
NOVODENTE S/A,RS,100442293.0,32453.083360258483,565248.995722688,3095
PRIMA VIDA ODONTOLOGIA DE GRUPO LIMITADA,RJ,98409649.0,79683.92631578947,490452.1641229699,1235
PLADISA PLANOS DE SAÚDE SA,SC,97841560.0,55909.462857142855,726106.3130071578,1750
HEALTH-MED SISTEMA DE SAUDE LTDA,RJ,97762526.0,7909.589482200648,188129.1500567854,12360
UNIMED DE ARACATUBA - COOPERATIVA DE TRABALHO MÉDICO,SP,97063269.0,24290.107357357356,1456019.705297866,3996
AME VVIDA PLANOS DE SAUDE INTEGRADO LTDA.,RO,96701459.0,97383.14098690836,589568.9461639951,993
UNIMED ALTO VALE - COOPERATIVA DE TRABALHO MÉDICO,SC,96315064.0,30576.210793650793,784937.7588433068,3150
UNIMED NORTE PAULISTA - COOPERATIVA DE TRABALHO MÉDICO,SP,95686687.0,37421.46538912789,854998.5102896786,2557
UNIMED TERESINA - COOPERATIVA DE TRABALHO MÉDICO,PI,94961337.0,35499.56523364486,621945.5912083121,2675
ARL ADMINISTRADORA DE BENEFÍCIOS LTDA.,SP,92938636.0,93782.68012108981,463284.2331256741,991
UNIODONTO DE SÃO JOSÉ DOS CAMPOS COOPERATIVA DE TRABALHO ODONTOLÓGICO,SP,92757672.0,57506.306261624304,788281.945150285,1613
UNIMED DE BARRA MANSA SOC. COOP. SERV.MED.E HOSPIT.,RJ,92668969.0,43121.902745463005,830087.802422031,2149
UNIMED ALFENAS COOPERATIVA DE TRABALHO MEDICO,MG,92465151.0,38161.43252166735,797352.247923512,2423
SANTA CASA DE SAÚDE - SCS,ES,92456799.0,65805.55088967971,953028.2156378109,1405
GS PLANO GLOBAL DE SAÚDE LTDA,RJ,89962886.0,57301.20127388535,490743.82080266974,1570
SELECT OPERADORA DE PLANO DE SAUDE LTDA,GO,89852847.0,61882.12603305785,383919.319234085,1452
ATITUDE SAÚDE ASSISTÊNCIA MEDICA LTDA,BA,89813242.0,103590.82122260668,577119.0105064475,867
SAÚDE BRB - CAIXA DE ASSISTÊNCIA ,DF,89659037.0,51146.05647461495,1276029.8478410062,1753
UNIMED ARARUAMA COOPERATIVA DE TRABALHO MÉDICO LTDA,RJ,89297673.0,26953.719589495926,842087.2818488054,3313
ORALE ASSISTÊNCIA ODONTOLÓGICA LTDA,BA,88298180.0,66994.06676783005,683934.9485184938,1318
UNIMED ERECHIM - COOPERATIVA DE SERVIÇOS DE SAÚDE LTDA.,RS,88103814.0,23671.094572810318,1049531.4046221545,3722
REAL GRANDEZA - FUNDAÇÃO DE PREVIDÊNCIA E ASSISTÊNCIA SOCIAL,RJ,88050670.0,49972.00340522134,2074410.40594785,1762
ASSOCIAÇÃO DOS EMPREGADOS DA COMPANHIA ESTADUAL DE HABITAÇÃO E OBRAS PÚBLICAS - ASSEC,SE,88016597.0,84876.17839922855,964739.9040586071,1037
UNIMED PONTA GROSSA COOPERATIVA DE TRABALHO MEDICO,PR,86676378.0,14281.822046465644,402789.32690901886,6069
SAMEDIL SERVIÇOS DE ATENDIMENTO MÉDICO S/A,ES,86576487.0,7004.570145631068,265938.15541100356,12360
UNIMED DO CARIRI - SOCIEDADE COOPERATIVA MÉDICA LTDA,CE,86088680.0,47017.30202075368,2853714.330625052,1831
UNIMED NOROESTE/RS - SOCIEDADE COOPERATIVA DE ASSISTÊNCIA À SAÚDE LTDA.,RS,85142264.0,25894.849148418492,384492.65875503706,3288
PLANO ODONTOLÓGICO DENTALVIDAS LTDA.,SP,85074684.0,80639.51090047394,519737.44410188094,1055
HOSPITAL CESAR LEITE,MG,84684751.0,60532.34524660472,764549.3494444088,1399
UNIMED DE UBA COOPERATIVA DE TRABALHO MEDICO,MG,84342254.0,34105.23817226041,544808.4096027982,2473
COOPERATIVA DE TRABALHO MEDICO DE ARAGUAÍNA - UNIMED ARAGUAÍNA,TO,84141570.0,21963.343774471417,457042.4826498755,3831
ON MED ASSISTÊNCIA MÉDICA LTDA,RS,84078660.0,57667.11934156378,460919.42670369375,1458
SUL AMÉRICA PARANÁ CLÍNICAS SERVIÇOS DE SAÚDE S.A.,SP,83409289.0,29245.89375876578,419017.8906619783,2852
SANTA CASA DE MISERICORDIA DE SAO JOAQUIM DA BARRA,SP,82452592.0,41811.659229208926,385955.68115699897,1972
AMPLITUDE PLANOS DE SAUDE LTDA ,MG,81264326.0,6605.781661518452,128135.9290269924,12302
UNIMED OESTE DO PARANA - COOPERATIVA DE TRABALHO MEDICO,PR,81205571.0,28294.624041811847,337527.97378387785,2870
ASSOCIAÇÃO EVANGELICA BENEFICENTE DE LONDRINA,PR,79847331.0,30829.085328185327,544129.265056668,2590
UNIMED VALE DO SINOS - COOPERATIVA DE ASSISTÊNCIA À SAÚDE LTDA,RS,79591808.0,19225.074396135267,1095211.701958451,4140
SERVDONTO - PLANO DE ASSISTÊNCIA ODONTOLÓGICA LTDA,SE,79299649.0,57546.91509433962,367805.2131541864,1378
CEDPLAN SAÚDE LTDA EPP,MG,78810900.0,52822.319034852546,394905.0549905772,1492
EXTRAMED ADMINISTRAÇÃO E SERVIÇOS MÉDICOS LTDA,PR,78360063.0,60092.072852760735,1098817.2740141815,1304
UNIMED NORTE FLUMINENSE COOPERATIVA DE TRABALHO MEDICO,RJ,78180457.0,31011.68464894883,1660879.3406754718,2521
UNIMED REGIÃO DA CAMPANHA/RS - COOPERATIVA DE ASSISTÊNCIA À SAÚDE LTDA.,RS,77886903.0,20448.123654502495,763872.305881383,3809
UNIMED DE LORENA COOPERATIVA DE TRABALHO MÉDICO,SP,77576753.0,27568.14250177683,283931.3265799103,2814
IRMANDADE SANTA CASA DE MISERICÓRDIA DE MARINGÁ,PR,77425108.0,36011.67813953488,784469.232722979,2150
PROASA SAÚDE,DF,77161592.0,53658.965229485395,1619860.3969319866,1438
SALUSMED OPERADORA DE PLANOS DE SAUDE LTDA,SP,76925973.0,73123.54847908745,338832.2850818463,1052
R.M.I. OPERADORA DE SAÚDE INTEGRADA LTDA,SP,76244176.0,133294.01398601398,1044901.9631631023,572
CAIXA DE ASSISTÊNCIA AOS MEMBROS DA DEFENSORIA PÚBLICA DO ESTADO DO RIO DE JANEIRO,RJ,76218288.0,51568.53044654939,761947.3645177602,1478
S1 OPERADORA DE PLANO DE SAÚDE LTDA,DF,76056517.0,6204.643253385544,165529.6595663902,12258
BRADESCO SAÚDE - OPERADORA DE PLANOS  S/A,SP,75868420.0,48852.81390856407,881935.7453471853,1553
LEADER ASSISTÊNCIA MÉDICA E HOSPITALAR LTDA.,SP,75711626.0,6156.918435390746,112966.37845619429,12297
UNIMED PARÁ DE MINAS COOPERATIVA DE TRABALHO MÉDICO LTDA.,MG,75648184.0,30090.765314240256,679514.3683857203,2514
UNIMED LITORAL SUL/RS - COOPERATIVA DE ASSISTÊNCIA À SAÚDE LTDA.,RS,75355710.0,20955.425472747498,476200.6035941037,3596
ODONTOGROUP SISTEMA DE SAÚDE LTDA.,DF,75237142.0,48415.14929214929,369519.77343978506,1554
ELETROS SAÚDE - ASSOCIAÇÃO DE ASSISTÊNCIA À SAÚDE,RJ,74813401.0,43572.1613278975,940325.0549205422,1717
ASSOCIAÇÃO SÃO FRANCISCO VIDA,SP,74063347.0,40896.381557150744,875194.7854419389,1811
CAIXA DE ASSISTÊNCIA DOS EMPREGADOS DA SANEAGO,GO,73891117.0,76019.66769547325,613716.576398262,972
YOU ASSISTÊNCIA MÉDICA LTDA.,MG,71798680.0,276148.76923076925,1736265.3385162463,260
NACIONAL ODONTO OPERADORA DE PLANOS ODONTOLÓGICOS LTDA.,PE,71399953.0,53363.19357249626,377333.2737009722,1338
ASSOCIACAO DE SAUDE HOLAMBRA,SP,70940324.0,5739.508414239483,167000.78962522905,12360
INNOVA PLANO DE SAUDE LTDA,RO,70880055.0,83981.10781990521,545566.8451927039,844
AIRES OPERADORA DE SAUDE LTDA,PE,70382536.0,99270.14950634696,426405.2081233138,709
UNIMED BLUMENAU - COOPERATIVA DE TRABALHO MEDICO,SC,69741701.0,19335.098696978097,352428.85726540996,3607
COOPERATIVA DE TRABALHO MÉDICO DO PLANALTO NORTE DE SANTA CATARINA LTDA,SC,68948253.0,23348.54486962411,786577.6496464836,2953
ECONOMUS INSTITUTO DE SEGURIDADE SOCIAL,SP,68676709.0,47659.06245662734,825011.8067253279,1441
INTERMEDICI PIRACICABA ASSISTENCIA MEDICA LTDA,SP,68173363.0,39247.76223373633,342461.92315509944,1737
UNIMED REGIONAL MARINGÁ COOP.DE TRABALHO MÉDICO,PR,66907180.0,9552.709880068533,294481.0036483467,7004
UNIMED PATO BRANCO SOCIEDADE COOPERATIVA DE MÉDICOS,PR,66622726.0,17555.395520421607,393970.8175992972,3795
ASSOCIAÇÃO DOS FUNCIONÁRIOS DO FISCO DO ESTADO DE GOIÁS,GO,66464011.0,47919.258111031006,806839.5268826028,1387
UNIMED JOÃO MONLEVADE COOPERATIVA DE TRABALHO MÉDICO LTDA.,MG,66397884.0,27828.115674769488,291256.4329851637,2386
MAIS SAÚDE PLANO DE SAÚDE LTDA,GO,64891641.0,70229.0487012987,484839.72688160243,924
UNIMED DE LENÇOIS PAULISTA - COOPERATIVA DE TRABALHO MÉDICO,SP,64574026.0,24248.601577168607,685677.9145044346,2663
UNIODONTO DE MANAUS - COOPERATIVA ODONTOLÓGICA LTDA.,AM,64070525.0,39307.07055214724,339446.0906016279,1630
FUNDAÇÃO SANEPAR DE ASSISTÊNCIA SOCIAL,PR,63482981.0,37453.086135693215,1546732.3647881928,1695
"UNIMED VALE DAS ANTAS, RS - COOPERATIVA DE ASSISTÊNCIA À SAÚDE LTDA.",RS,63095430.0,17434.492953854657,585181.895126413,3619
CAIXA DE ASSISTÊNCIA À SAÚDE - CABERJ,RJ,62657485.0,34674.86718317654,1820463.6679965456,1807
FUNDAÇAO COMPESA DE PREVIDENCIA E ASSISTENCIA - COMPESAPREV,PE,62456513.0,48080.45650500385,1353344.0862084068,1299
LANCERS ADMINISTRADORA DE BENEFÍCIOS DE SAÚDE LTDA.,SP,62274075.0,43066.44190871369,334220.9164419815,1446
MAIS SAUDE S/A,ES,61895938.0,68317.8123620309,577597.9615523313,906
UNIMED RIO BRANCO COOPERATIVA DE TRABALHO MEDICO LTDA,AC,61742829.0,20539.863273453095,311852.6968949899,3006
UNIMED ITUIUTABA COOPERATIVA TRABALHO MÉDICO LTDA.,MG,61638905.0,24528.016315161163,892121.9241020371,2513
DENTAL GOLD ASSISTÊNCIA ODONTOLÓGICA LTDA.,PB,61205691.0,49161.197590361444,299482.5820312359,1245
ASSOCIAÇÃO POLICIAL DE ASSISTÊNCIA À SAÚDE,SP,60956869.0,4186.885706435882,163136.36566711782,14559
DENTAL CENTER LTDA,PB,60575976.0,38363.50601646612,279405.27005408145,1579
PERSONAL CARE OPERADORA DE SAÚDE SA,SP,60476953.0,7393.2705378973105,153182.40896675,8180
UNIMED FRANCA - SOCIEDADE COOPERATIVA DE SERVIÇOS MÉDICOS E HOSPITALARES,SP,59544006.0,13902.406257296288,774066.7458447397,4283
SUL DO PARÁ LTDA,PA,59205844.0,44818.95836487509,286764.34042134124,1321
TOTAL ASSISTÊNCIA MÉDICA HOSPITALAR LTDA,MG,58710917.0,61477.4,399634.01455729664,955
BENEFICENCIA CAMILIANA DO SUL,SP,58705185.0,46297.46451104101,1189315.71601202,1268
MÚTUA DOS MAGISTRADOS DO ESTADO DO RIO DE JANEIRO,RJ,58362079.0,50399.03195164076,916647.5371342871,1158
POLICLIN SAÚDE S/A.,SP,57368134.0,36126.02896725441,452122.39613773697,1588
UNIMED MARANHÃO DO SUL - COOPERATIVA DE TRABALHO MÉDICO,MA,56854536.0,17012.129263913823,363606.00020349276,3342
UNIMED DE TUPA COOPERATIVA DE TRABALHO MÉDICO,SP,56615781.0,17109.634632819583,757861.9631654806,3309
CAIXA DE ASSISTÊNCIA DOS EMPREGADOS DA EMPRESA BRASILEIRA DE PESQUISA  AGROPECUÁRIA,DF,56392068.0,46954.26144879267,1547526.7842676074,1201
UNIODONTO DE CAMPINAS COOPERATIVA ODONTOLÓGICA,SP,55738749.0,29838.730728051392,467159.1399966574,1868
ASSOCIAÇÃO ASSISTENCIAL DE SAÚDE SUPLEMENTAR CRUZ AZUL SAÚDE,SP,55034339.0,4494.066552343623,214123.6519824143,12246
CARING SAÚDE ASSISTÊNCIA MÉDICA LTDA.,RJ,54651861.0,65451.33053892216,319360.8015686929,835
UNIMED ALTA MOGIANA COOPERATIVA DE TRABALHO MÉDICO,SP,54484267.0,18905.019777931993,372634.89518475626,2882
UNIMED SÃO JOÃO DEL REI - COOPERATIVA DE TRABALHO MÉDICO,MG,54335263.0,16990.388680425265,412994.9344233813,3198
UNIMED VARGINHA COOPERATIVA DE TRABALHO MÉDICO,MG,54167214.0,20294.94717122518,366692.67480701127,2669
ASSISTÊNCIA MÉDICA 12 DE OUTUBRO LTDA,SP,54097497.0,4417.564674179323,97996.07672941843,12246
UNIMED DO SUDOESTE COOPERATIVA DE TRABALHO MEDICO LTDA,BA,54063522.0,23546.83013937282,229134.391333509,2296
INTERCLINICAS PLANO VIDA USA OPERADORA DE SAUDE LTDA,SP,53811766.0,4402.860906561938,120510.5161140243,12222
RIO DOCE SAÚDE,ES,53656130.0,40958.87786259542,308791.0373970866,1310
UNIMED CAMPO BELO- COOPERATIVA DE TRABALHO MÉDICO,MG,53608535.0,21952.717035217036,347704.5769097877,2442
ASSOCIAÇÃO FCA SAÚDE,MG,53443459.0,40796.53358778626,927010.1176933013,1310
IRMANDADE DE MISERICÓRDIA DO HOSPITAL DA SANTA CASA DE MONTE ALTO,SP,52529087.0,32974.94475831764,363727.80035118223,1593
UNICOR ADMINISTRADORA DE BENEFICIOS LTDA,MG,52382729.0,44809.8622754491,262505.0022140723,1169
UNIMED NOROESTE CAPIXABA COOPERATIVA DE TRABALHO MÉDICO.,ES,52165714.0,16893.042098445596,526264.3118734242,3088
SOBAM CENTRO MÉDICO HOSPITALAR S.A.,SP,51626128.0,22310.340535868625,370785.01369984733,2314
PLANO VIDA SAUDE SERVIÇOS ODONTOLOGICOS LTDA,SE,51315215.0,37456.36131386861,250139.34814073797,1370
UNIMED AMPARO COOPERATIVA DE TRABALHO MÉDICO,SP,51048972.0,17731.494268843348,294667.2661737245,2879
CAMIM OPERADORA DE PLANO DE SAÚDE LTDA,RJ,51005378.0,51993.249745158,325135.58207816276,981
PLATINUM ADMINISTRADORA DE BENEFICIOS,DF,50991685.0,37827.65949554896,590668.9389779308,1348
UNIMED CAÇADOR COOPERATIVA DE TRABALHO MÉDICO DA REGIÃO DO CONTESTADO,SC,50903039.0,23350.017889908257,818799.7113821574,2180
DENTALPAR ASSISTÊNCIA ODONTOLÓGICA EMPRESARIAL LTDA.,SP,50873439.0,4142.113580850025,103935.50136913185,12282
IRMANDADE DE MISERICORDIA DE PORTO FERREIRA,SP,49943471.0,35245.921665490474,261401.66920642005,1417
SERVIX ADMINISTRADORA DE BENEFÍCIOS LTDA,DF,49934059.0,48907.01175318316,273844.6084779739,1021
UNIC ASSISTENCIA MEDICA LTDA,SP,49590000.0,774843.75,1335091.2960727464,64
CLÍNICA SÃO GABRIEL S/S LTDA,SP,49524249.0,4032.262579384465,88033.06106426414,12282
UNIMED SÃO SEBASTIÃO DO PARAÍSO COOPERATIVA DE TRABALHO MÉDICO,MG,49376271.0,22754.04193548387,341266.9740057264,2170
ASSOCIAÇÃO DA SANTA CASA SAÚDE DE RIBEIRÃO PRETO,SP,49298342.0,28267.397935779816,304108.9452162165,1744
UNIMED DO OESTE DA BAHIA COOPERATIVA DE TRABALHO MÉDICO,BA,48899659.0,27487.160764474425,818751.5489309289,1779
VIDAMAX ADMINISTRADORA DE BENEFÍCIOS LTDA,SP,48173649.0,37489.22101167315,272835.8097115046,1285
ODONTO PRIME S/S LTDA,CE,48046937.0,90483.87382297551,320623.6596096311,531
UNIMED DE PARANAVAÍ COOPERATIVA DE TRABALHO MÉDICO,PR,47798118.0,16470.750516884906,480089.30498961563,2902
UNIMED DE BIRIGUI - COOPERATIVA DE TRABALHO MÉDICO,SP,46558174.0,15852.289410963569,392763.70167121396,2937
SANTA CASA DE MAUÁ SAÚDE,SP,46368237.0,3786.3985791278783,95835.74005478191,12246
SÃO DOMINGOS SAÚDE- ASSISTÊNCIA MÉDICA  LTDA,SP,46297604.0,24418.567510548524,177727.20640419464,1896
FUNDAÇÃO CELESC DE SEGURIDADE SOCIAL - CELOS,SC,45506150.0,25695.172219085263,1075363.0410621914,1771
UNIMED DE CAPIVARI -COOPERATIVA DE TRABALHO MÉDICO,SP,45379111.0,12078.549640670748,124293.59349106767,3757
CEMIG SAÚDE,MG,44508406.0,28403.57753669432,373261.81837646157,1567
"FEDERAÇÃO DAS SOCIEDADES COOPERATIVAS DE TRABALHO MÉDICO DO ACRE, AMAPÁ, AMAZONAS, PARÁ, RONDONIA E RORAIMA",AM,44233701.0,57821.83137254902,402981.41753365763,765
ODONTOLIVE OPERADORA DE PLANOS ODONTOLÓGICOS LTDA.,SP,43618169.0,40016.66880733945,293253.0230172976,1090
UNIMED VALE DO CORUMBÁ COOPERATIVA DE TRABALHO MEDICO,GO,43478216.0,23489.041599135602,491592.29249770165,1851
AESP ODONTO ASSISTÊNCIA ODONTOLÓGICA S/S LTDA EPP,SP,43169889.0,3514.890815828041,113081.6855076596,12282
PLENUM ASSISTENCIA MEDICA  LTDA,DF,43111535.0,86223.07,511308.74662644905,500
UNIMED DO CEARÁ - FEDERAÇÃO DAS SOCIEDADES COOPERATIVAS MÉDICAS DO ESTADO DO CEARÁ LTDA.,CE,42947751.0,20539.335724533717,569960.306890311,2091
HOSPITAL DE PRONTOCLINICA LTDA.,RS,42854275.0,28455.69389110226,201006.48348611483,1506
FEDERAÇÃO DAS COOP ODONTOLÓGICAS DO ESTADO DE SANTA CATARINA,SC,42808278.0,20811.02479338843,478654.2579948079,2057
ASSOCIAÇÃO SAÚDE RURAL ALEGRETE,RS,42535986.0,42922.286579212916,415378.9298031603,991
CAIXA DE ASSISTÊNCIA À SAÚDE DO SINDICATO DOS FUNCIONÁRIOS INTEGRANTES DO GRUPO OCUPACIONAL ADMINISTRAÇÃO TRIBUTÁRIA DO ESTADO DE PERNAMBUCO,PE,42402867.0,27374.349257585538,348384.9142808671,1549
HSMED SAUDE LTDA,RJ,41912815.0,3391.0044498381876,64381.627874292724,12360
MEDIATORIE ADMINISTRADORA DE BENEFÍCIOS S/A,ES,41841861.0,32435.551162790696,193123.52425611578,1290
SANTA CASA DE MISERICÓRDIA E BENEFICÊNCIA PORTUGUESA,SP,41712935.0,23251.357302118173,373864.56331858254,1794
UNIMED DE CIANORTE - COOPERATIVA DE TRABALHO MEDICO ,PR,41696539.0,16474.333860134335,223800.14195052042,2531
POLIMÉDICA SAÚDE SOCIEDADE SIMPLES LTDA,RS,41681046.0,35777.721888412016,284316.2482534077,1165
UNIMED NOROESTE DO PARANÁ COOP DE TRABALHO MÉDICO .,PR,41624158.0,14807.598007826396,274517.40788061614,2811
UNIMED MARQUES DE VALENÇA COOPERATIVA DE TRABALHO MÉDICO LTDA.,RJ,41486132.0,19440.549203373947,384238.8116549357,2134
"ASSOC DE ASSIST À SAÚDE DOS SERV DAS UNIV E INST FED, EST E/OU FAC PART EM PE",PE,41411500.0,53641.83937823834,332296.49279273977,772
UNIMED CENTRO SUL FLUMINENSE COOPERATIVA DE TRABALHO MÉDICO,RJ,41305628.0,14637.004961020553,151888.90622013842,2822
UNIMED DE AVARÉ COOPERATIVA DE TRABALHO MÉDICO,SP,40701858.0,15069.181044057756,303376.9154628283,2701
UNIMED SUDOESTE PAULISTA COOPERATIVA DE TRABALHO MÉDICO,SP,38086516.0,19167.849018621037,523686.5237830492,1987
UNIMED DE JABOTICABAL COOP. DE TRABALHO MÉDICO,SP,37632558.0,12696.544534412955,478280.0822167542,2964
UNIMED EXTREMO OESTE CATARINENSE COOPERATIVA DE TRABALHO MÉDICO,SC,37623621.0,12638.09909304669,143819.52891510073,2977
QUALI ADMINISTRADORA DE BENEFÍCIOS S/A,ES,37097618.0,90925.5343137255,580106.6078059546,408
ASSOCIAÇÃO POLICIAL DE ASSISTÊNCIA A SAÚDE,SP,36651057.0,34740.33838862559,435792.6153415303,1055
SAUDIA ASSISTENCIA MÉDICA LTDA,MG,36612632.0,27863.494672754947,170529.57733792957,1314
UNIODONTO PORTO ALEGRE COOPERATIVA ODONTOLOGICA LTDA,RS,36434133.0,29453.624090541634,463453.30101685115,1237
UNIMED REGIONAL DE FLORIANO - COOPERATIVA DE TRABALHO MÉDICO,PI,36231603.0,26292.890420899854,669778.3156949228,1378
UNIODONTO DO BRASIL CENTRAL NACIONAL DAS COOPERATIVAS ODONTÓLOGICAS,SP,36221798.0,23174.53486884197,212438.2159018654,1563
ASSOCIAÇÃO BENEFICENTE DOS PROFESSORES PÚBLICOS ATIVOS E INATIVOS DO RIO DE JANEIRO - APPAI,RJ,36180041.0,28111.91996891997,407393.1117640439,1287
CEAM BRASIL - PLANOS DE SAÚDE LTDA,MG,36106194.0,62359.57512953368,729473.14300769,579
FOX SAÚDE ASSISTÊNCIA MÉDICA INTEGRADA LTDA,PE,36000000.0,339622.641509434,955054.6476793401,106
UNIMED DE SÃO ROQUE - COOPERATIVA DE TRABALHO MÉDICO,SP,35918337.0,11745.69555264879,393052.0449997971,3058
OPLAN SAÚDE OPERADORA DE PLANO DE SAÚDE LTDA,RJ,35581584.0,22266.322903629538,167199.60503585936,1598
UNIMED VALE DO PIQUIRI-COOPERATIVA DE TRABALHO MÉDICO VALE DO PIQUIRI ,PR,35580134.0,10373.216909620991,205966.9771676822,3430
PESSOAL SAÚDE PLANOS DE ASSISTÊNCIA MÉDICA LTDA,SP,35323145.0,2880.9350787048365,69078.46050500569,12261
UNIMED DE PINDAMONHANGABA - COOPERATIVA TRABALHO MEDICO,SP,35189132.0,10002.595793064242,191254.28263381653,3518
UNIMED INTRAFEDERATIVA FEDERAÇÃO REGIONAL SUL DE MINAS,MG,35006193.0,19710.694256756757,434146.6519362146,1776
INSTITUTO CURITIBA DE SAÚDE,PR,34884329.0,2822.356715210356,244081.90602892436,12360
UNIMED BARRA DO GARÇAS - COOPERATIVA DE TRABALHO MÉDICO,MT,34520083.0,11314.350376925599,186401.52136556598,3051
ODONTO EMPRESAS CONVENIOS DENTARIOS LTDA.,SP,34387423.0,23078.807382550334,406758.9873277643,1490
UNIMED DE BRUSQUE COOPERATIVA DE TRABALHO MÉDICO,SC,34241956.0,13566.54358161648,525644.8617640447,2524
FUNDAÇÃO PLAMHUV - PLANO MÉDICO HOSPITALAR DOS HOSPITAIS UNIDOS DE VIÇOSA,MG,33964515.0,21842.131832797426,196601.06332773474,1555
PLANO DE ASSISTÊNCIA ODONTOLÓGICA FAUCHARD LTDA. ME,BA,33390914.0,28130.508845829823,199653.89190793494,1187
UNIMED LAVRAS COOPERATIVA DE TRABALHO MÉDICO,MG,33337895.0,11097.834553928096,203613.12449817426,3004
UNIMED MONTES CLAROS COOPERATIVA DE  TRABALHO MÉDICO LTDA.,MG,32962039.0,13064.62108600872,257191.34247408272,2523
ASSOCIAÇÃO DOS AUDITORES FISCAIS DO ESTADO DA PARAÍBA - AFRAFEP,PB,32709244.0,20354.227753578096,357239.2471406826,1607
PLAMEDH PLANOS DE SAÚDE LTDA,MG,32654250.0,308058.96226415096,606166.7314949691,106
DENTAL MASTER LTDA - EPP,AL,32410927.0,26436.318923327897,231368.581028581,1226
UNIMED LEOPOLDINA COOPERATIVA DE TRABALHO MÉDICO LTDA,MG,31714806.0,15269.526239768897,450138.70699070056,2077
FUNDO DE ASSISTÊNCIA MÉDICO-HOSPITALAR DO MINISTÉRIO PÚBLICO,MS,31510124.0,34779.38631346578,426613.8121320441,906
UNIMED REGIÃO DA PRODUÇÃO/RS - COOPERATIVA DE ASSISTÊNCIA À SAÚDE LTDA,RS,31360357.0,8672.665099557522,278183.19567457994,3616
UNIMED ALTO JACUÍ/RS - COOPERATIVA DE ASSISTÊNCIA À SAÚDE LTDA,RS,31278953.0,10628.25450220863,197251.6709117515,2943
CAIXA DE ASSISTÊNCIA DOS EMPREGADOS DO BANESE,SE,31187020.0,23990.015384615384,382457.33755637915,1300
SD-M OPERADORA DE PLANOS DE SAUDE LTDA,RJ,30891156.0,42785.53462603878,245475.3161906868,722
ASSOCIAÇÃO SANTA CASA SAÚDE DE ARAÇATUBA,SP,30826400.0,9282.264378199337,213398.13976647652,3321
UNIMED CARATINGA - COOPERATIVA DE TRABALHO MÉDICO LTDA,MG,30690093.0,13633.981785872946,393342.9258172612,2251
UNIMED DE SAO JOSÉ DO RIO PARDO-COOP. DE TRAB. MÉDICO,SP,29877026.0,13864.049187935036,240366.57402611035,2155
SISTEMA TOTAL DE SAÚDE LTDA.,SP,29859246.0,21684.274509803923,118809.62682219008,1377
CIRCULO OPERARIO CAXIENSE,RS,29431531.0,10953.305173055453,278060.54445096984,2687
UNIMED SÃO LOURENÇO COOPERATIVA DE TRABALHO MÉDICO,MG,29075726.0,10662.165749908325,184982.22797449565,2727
CENTRO DE ENDOCRINOLOGIA DE JUNDIAÍ S/S LTDA,SP,29001316.0,5925.892112791173,68664.09392065274,4894
UNIMED DE DRACENA - COOPERATIVA DE TRABALHO MÉDICO,SP,28632027.0,10021.710535526776,217367.98386777865,2857
SALUPLAN ADMINISTRADORA DE BENEFÍCIOS LTDA,SP,28204320.0,2296.3947239863214,51250.92364527499,12282
DESBAN - FUNDAÇÃO BDMG DE SEGURIDADE SOCIAL,MG,28113146.0,21460.41679389313,329814.9969396619,1310
ALMA ODONTO OPERADORA DE PLANOS ODONTOLOGICOS LTDA,SP,27903320.0,2257.5501618122976,57356.58018076721,12360
UNIMED REGIONAL DE CAMPO MOURÃO COOP TRAB MEDICO ,PR,27894988.0,9370.16728249916,158670.56196873888,2977
PLAMEDH - PLANO DE ASSISTÊNCIA MÉDICO-HOSPITALAR LTDA,MG,27853253.0,54189.20817120623,399983.9978029208,514
UNIMED RIO VERDE COOPERATIVA TRABALHO MEDICO,GO,27671255.0,8995.856631989596,545425.0034806628,3076
FUNDAÇÃO DE ASSISTÊNCIA À SAÚDE DA ASSOCIAÇÃO DO MINISTÉRIO PÚBLICO DO RIO GRANDE DO SUL,RS,27308020.0,32509.54761904762,941715.2542385608,840
UNIMED FRANCISCO BELTRAO COOPERATIVA DE TRABALHO MEDICO,PR,26941618.0,10370.13779830639,189252.0717130459,2598
ASSOCIAÇÃO SÃO LUIZ SAÚDE,SP,26505414.0,23291.22495606327,130226.91774939906,1138
PLANO DE SAÚDE DA SANTA CASA DE BRAGANÇA PAULISTA,SP,26151697.0,18613.307473309607,407339.20432021876,1405
NEXO - ADMINISTRADORA DE BENEFICIOS LTDA,SP,26140181.0,2128.3326005536555,53795.977108596766,12282
HOSPITAL S.P. LTDA.,RS,25507715.0,20554.161966156327,156994.4028579866,1241
IRMANDADE DA SANTA CASA DE MISERICORDIA DE LIMEIRA,SP,25447734.0,16589.13559322034,344697.70511899085,1534
FUNDACAO CAPITAL PREVIDENCIA E SAUDE - CAPITAL PREV,ES,25126156.0,33323.814323607425,972567.8703151376,754
MH VIDA - OPERADORA DE PLANOS DE SAÚDE LTDA,RJ,24900063.0,23535.031190926275,225436.04226761253,1058
DENTAL UNI - COOPERATIVA ODONTOLÓGICA,PR,24839822.0,13212.671276595745,146836.50996723742,1880
UNIMED LESTE PAULISTA COOPERATIVA DE TRABALHO MÉDICO,SP,24765819.0,6031.616902094496,182287.1478584805,4106
PD BRASIL ASSISTENCIA ODONTOLOGICA LTDA,MG,24415196.0,20603.540928270042,153654.1209652377,1185
UNIMED ANÁPOLIS COOPERATIVA DE TRABALHO MÉDICO.,GO,24397780.0,8676.30867709815,114621.34758904406,2812
SISTEMA PREVSAUDE DENTAL LTDA,CE,24089792.0,1949.0122977346277,38573.36471934577,12360
EGRÉGORA  ADMINISTRADORA DE BENEFICIOS S/A,ES,24009810.0,75740.72555205047,196967.8016487119,317
UNIMED CACERES COOPERATIVA DE TRABALHO MÉDICO ,MT,23987012.0,7795.58401039974,136671.86754534658,3077
CASA DE SAÚDE NOSSA SENHORA DE FÁTIMA  LTDA.,CE,23947782.0,30860.54381443299,126815.15071478467,776
UNIODONTO BELÉM - COOPERATIVA DE ASSISTÊNCIA À SAÚDE ODONTOLÓGICA,PA,23717463.0,13038.737218251787,306653.15399370366,1819
UNIMED DE IBITINGA COOPERATIVA DE TRABALHO MÉDICO,SP,23676944.0,10416.605367355918,147572.04155402238,2273
ASSOCIAÇÃO DOS FUNCIONÁRIOS FISCAIS DO ESTADO DO AMAZONAS - AFFEAM,AM,23408007.0,16461.32700421941,141179.2818272231,1422
UNIMED PLANALTO CENTRAL/RS - COOPERATIVA DE ASSISTÊNCIA  À SAÚDE LTDA.,RS,23364463.0,6837.712320749195,190033.63811516875,3417
SANTA CASA DE MISERICÓRDIA E ASILO DOS POBRES DE BATATAIS,SP,23297131.0,12242.317919075145,221499.24905253606,1903
UNIMED DE PARANAGUÁ COOPERATIVA DE TRABALHO MÉDICO,PR,23083148.0,5048.807524059493,196010.57375228914,4572
ASSOCIAÇÃO BENEFICENTE CATÓLICA,MG,22904470.0,12817.274762171237,171428.55053014596,1787
UNIMED REGIONAL SUL GOIAS COOP. DE TRABALHO MÉDICO LTDA,GO,22874781.0,3738.931186662308,145204.23853465045,6118
ASSOCIAÇÃO POLICIAL DE ASSISTÊNCIA À SAÚDE DE BARRETOS,SP,22698313.0,1857.1684666993945,73199.81332526522,12222
VCT PLANOS DE SAUDE LTDA,MG,22685488.0,48785.99569892473,236013.26116616587,465
UNIMED VALE DO URUCUIA - COOPERATIVA DE TRABALHO MEDICO LTDA,MG,22551659.0,14615.46273493195,192666.59797137865,1543
SAME-SERVIÇO DE ASSISTÊNCIA MÉDICA EMPRESARIAL LTDA.,MA,22060493.0,25097.261660978384,117926.16839716198,879
UNIMED CABO FRIO COOPERATIVA TRABALHO MÉDICO LTDA.,RJ,21681344.0,9447.208714596949,188283.80901676058,2295
UNIODONTO DE SOROCABA COOPERATIVA ODONTOLÓGICA,SP,21679614.0,13219.276829268292,103404.44533227233,1640
IRMANDADE DA SANTA CASA DE MISERICÓRDIA E MATERNIDADE DONA ZILDA SALVAGNI,SP,21665189.0,30258.643854748603,241260.71127257435,716
ASSOCIAÇÃO FUNDO DE PROTEÇÃO À SAÚDE,PR,21594483.0,18040.503759398496,558922.3958526187,1197
UNIMED DE PENAPOLIS - COOPERATIVA DE TRABALHO MEDICO,SP,21481101.0,8096.909536373916,108596.3425874517,2653
EVANGELICO SAUDE LTDA.,PR,21056198.0,11743.557166759621,238860.08211691343,1793
MAXIMED PLANOS DE SAUDE LTDA,RJ,21029173.0,138349.82236842104,683732.6627776831,152
UNIMED FRUTAL COOPERATIVA DE TRABALHO MEDICO LTDA,MG,20964090.0,6853.24942791762,171054.49303736066,3059
PRESERVE SAUDE ASSISTENCIA MEDICA LTDA,BA,20794777.0,14252.760109664154,110874.58769582944,1459
UNIMED CALDAS NOVAS - COOPERATIVA DE TRABALHO MEDICO,GO,20398293.0,10168.640578265204,487136.1845615855,2006
PRONTO SOCORRO CONDE DE MOREIRA LIMA,SP,20280260.0,11304.492753623188,110759.06157289736,1794
UNIODONTO DE JUNDIAÍ COOPERATIVA ODONTOLÓGICA,SP,20268021.0,12172.985585585586,297168.3331722504,1665
BRASIL ODONTO OPERADORA DE PLANOS ODONTOLÓGICOS LTDA,TO,19950120.0,16793.030303030304,117605.55668934772,1188
ASSOCIAÇÃO HOSPITAL SAÚDE DE VARGEM GRANDE DO SUL,SP,19901930.0,23061.3325608343,129183.2241682088,863
UNIODONTO REGIONAL COOPERATIVA ODONTOLOGICA,MG,19777729.0,10638.907477138246,200055.20351139334,1859
UNIMED TEOFILO OTONI COOPERATIVA DE TRABALHO MÉDICO,MG,19644044.0,8921.000908265214,93672.76254435224,2202
UNIMED SUL PAULISTA - COOPERATIVA DE TRABALHO MÉDICO,SP,19497563.0,5191.044462193823,136986.93632520226,3756
UNIODONTO DO SUL GOIANO COOPERATIVA ODONTOLOGICA,GO,19400098.0,17122.769638128862,404385.6626221246,1133
UNIMED ENCOSTA DA SERRA/RS SOCIEDADE COOPERATIVA DE SERVIÇOS DE SAÚDE LTDA.,RS,19359554.0,5595.246820809249,85291.75581651488,3460
ASSOCIAÇÃO SAÚDE CONCEIÇÃO,SC,19121778.0,12489.730894839973,114388.36190611987,1531
UNIODONTO PAULISTA-FEDERAÇÃO DAS COOPERATIVAS ODONTOLÓGICAS DO ESTADO DE SÃO PAULO,SP,18896098.0,11005.298776936517,455764.3422896235,1717
COOPERATIVA DOS USUÁRIOS DE SERVIÇOS DE SAÚDE LTDA.,RS,18805570.0,15264.261363636364,94065.52196125784,1232
ELITE SAUDE SERVICOS MEDICOS LTDA.,SP,18369623.0,2261.154972919744,50438.07288994983,8124
SANTA CASA DE MISERICÓRDIA DE TUPÃ,SP,18359054.0,13217.461483081353,388652.80106063676,1389
UNIMED SOUSA - COOPERATIVA DE TRABALHO MÉDICO,PB,18339560.0,12358.194070080863,398836.05421161425,1484
UNIMED VALE DO JAURU COOPERATIVA DE TRABALHO MÉDICO,MT,18190716.0,6503.652484805149,90726.40981537019,2797
UNIMED MORRINHOS COOPERATIVA DE TRABALHO MEDICO,GO,18157384.0,9596.92600422833,111232.17852222158,1892
UNIMED TRÊS CORAÇÕES COOPERATIVA DE TRABALHO MÉDICO LTDA.,MG,17788158.0,6981.223704866562,121751.49441759365,2548
SEPACO SAÚDE LTDA,SP,17425411.0,16516.977251184835,196571.10658979107,1055
VIVER SAUDE LTDA,RN,17253364.0,70710.5081967213,348111.8755249198,244
"VOCÊ CLUBE DE BENEFÍCIOS SOCIAIS, SAÚDE E ODONTOLÓGICO LTDA",SP,17252800.0,15585.185185185184,209604.1082502285,1107
ASSOCIAÇÃO SANTA CASA CLÍNICAS DE BIRIGUI,SP,17157412.0,12643.634487840825,103450.78148612037,1357
UNIMED DE CORUMBA COOPERATIVA DE TRABALHO MÉDICO,MS,17137043.0,9024.245918904686,105926.93670666608,1899
NOSAMED ASSISTÊNCIA MÉDICA LTDA.,SP,17021329.0,12807.621519939805,106682.36212331358,1329
NOVAMED PLANOS DE SAUDE LTDA,GO,16920000.0,360000.0,803451.7923364759,47
SAGRADA SAÚDE ASSISTÊNCIA MÉDICA LTDA,MG,16740811.0,1354.4345469255663,57940.88570163452,12360
UNIMED CARUARU-COOPERATIVA DE TRABALHO MEDICO,PE,16719411.0,5696.562521294719,377889.8448441517,2935
UNIODONTO DE AMERICANA COOPERATIVA ODONTOLÓGICA,SP,16661215.0,12038.45014450867,207305.6499873,1384
UNIMED DE GUARATINGUETA-COOPERATIVA DE TRABALHO MÉDICO,SP,16483819.0,6499.928627760252,153820.16198855027,2536
CAIXA ASSISTENCIAL UNIVERSITARIA DO RIO DE JANEIRO,RJ,16195740.0,13937.814113597246,455661.8448788921,1162
ASSOCIAÇÃO DO PLANO DE SAÚDE DA SANTA CASA DE MISERICÓRDIA DE ITABUNA - PLANSUL,BA,16037599.0,9580.405615292711,116853.98498591654,1674
SANTA CASA DA MISERICÓRDIA DE SÃO JOÃO DEL REI,MG,15938851.0,13161.726672171759,353300.5629844081,1211
UNIMED BARBACENA - COOPERATIVA DE TRABALHO MÉDICO LTDA,MG,15789802.0,6040.475133894414,148366.09677130633,2614
BEDOIS SERVIÇOS DE ADMINISTRAÇÃO DE BENEFÍCIOS LTDA.,RJ,15731666.0,52438.886666666665,161633.53799763406,300
UNIMED PARAIBA - FEDERAÇAO DAS SOCIEDADES COOPERATIVAS DE TRABALHO MEDICO,PB,15511646.0,18248.995294117645,195875.00412233456,850
ASSOCIAÇÃO GOIANA DO MINISTÉRIO PÚBLICO,GO,15371234.0,14583.713472485768,198061.47782243614,1054
LIFE CLASS ADMINISTRADORA DE BENEFICIOS LTDA.,SP,15119791.0,19764.432679738562,119253.81307715962,765
G & M ASSESSORIA MEDICA EMPRESARIAL LTDA,RJ,15009441.0,11940.684964200478,79147.45897662416,1257
HEALTH ADMINISTRADORA DE BENEFICIOS LTDA,SP,14947622.0,3446.534931980632,52136.95357906228,4337
SAUDE SALV ASSISTENCIA MEDICA LTDA,RO,14928640.0,44965.78313253012,225981.52623648327,332
UNIBEN ADMINISTRADORA DE BENEFÍCIOS LTDA,MG,14399080.0,12079.76510067114,195234.99331661034,1192
SAUDE INTEGRAL ASSISTENCIA MEDICA LTDA,BA,14344836.0,59032.246913580246,188001.88117505706,243
ASSOCIAÇÃO POLICIAL DE ASSISTÊNCIA À SAÚDE DE DRACENA,SP,14344793.0,14022.28054740958,151699.70222076683,1023
PLANO DE ASSISTÊNCIA MÉDICA MINEIRA LTDA,MG,14319264.0,12762.267379679144,89657.35507643656,1122
FUNDAÇÃO FILANTRÓPICA E BENEFICENTE DE SAÚDE ARNALDO GAVAZZA FILHO,MG,14313100.0,7666.3631494376,106300.0414218353,1867
ESPLENDOR ADMINISTRADORA DE BENEFÍCIOS LTDA.,DF,14084609.0,1260.7061403508771,37465.65604981526,11172
IRMANDADE DA SANTA CASA DE MISERICÓRDIA DE RIO CLARO,SP,14048705.0,6294.222670250896,211296.08024967412,2232
UNIMED INCONFIDENTES COOPERATIVA DE TRABALHO MÉDICO LTDA.,MG,13952823.0,4990.280042918455,94125.11059249431,2796
LUMINAR SAÚDE - ASSOCIAÇÃO DE ASSISTÊNCIA À SAÚDE,DF,13938484.0,6525.5074906367045,110882.1147989372,2136
BEMSTAR ASSISTENCIA MEDICA LTDA,BA,13914533.0,17263.68858560794,99095.6823499442,806
ANAFE SAUDE,GO,13910280.0,13518.250728862973,142693.39571743645,1029
ASSOCIAÇÃO SAÚDE SÃO JOSÉ,SC,13894032.0,8810.419784400761,97211.63832752945,1577
UNIMED NORTE PIONEIRO - COOPERATIVA DE TRABALHO MÉDICO,PR,13703513.0,5188.759182127982,161747.89814124614,2641
FILOSANITAS SAUDE LTDA,SP,13683552.0,10413.66210045662,77774.40360420202,1314
EVOLUÇÃO ADMINISTRADORA DE BENEFICIOS LTDA ,MG,13670030.0,25361.836734693876,119790.18798745562,539
AP ADMINISTRAÇÃO DE BENEFICIOS - SOCIEDADE SIMPLES UNIPESSOAL LIMITADA,SP,13658349.0,36617.55764075067,194183.04351099656,373
CAIXA ASSISTENCIAL E BENEFICENTE DOS FUNCIONÁRIOS DA ACARESC,SC,13134932.0,9185.267132867133,272028.82007161976,1430
SANUS ADMINISTRADORA DE BENEFÍCIOS LTDA,ES,13000941.0,29956.085253456222,138760.60038702877,434
UNIMED SÃO JOÃO NEPOMUCENO COOPERATIVA DE TRABALHO MÉDICO LTDA.,MG,12900198.0,7517.597902097902,65700.61752165537,1716
VITACARE PLANOS DE SAUDE LTDA,BA,12900080.0,95556.14814814815,201807.46780964048,135
MEDIC GLOBAL PLANOS DE SAÚDE LTDA.,MG,12831643.0,7729.905421686747,65023.62923891382,1660
UNIODONTO MACEIÓ COOPERATIVA ODONTOLÓGICA,AL,12663712.0,9250.337472607744,178809.98573802196,1369
CROWN ODONTOLOGIA DE GRUPO LTDA,SP,12455555.0,8478.934649421375,69309.57676377922,1469
VALE PLANOS DE SAÚDE LTDA,PE,12164613.0,12502.171634121274,85884.95720869301,973
PLURICLUB ADMINISTRADORA DE BENEFÍCIOS LTDA.,SP,12151426.0,16947.595536959554,84997.35229846626,717
DENTAL PLUS CONVÊNIO ODONTOLÓGICO LTDA.,SP,11988586.0,977.7820732403555,20544.88259081287,12261
"ASSOCIAÇÃO DOS SERVIDORES MUNICIPAIS, ESTADUAIS E FEDERAIS DO RIO DE JANEIRO",RJ,11513444.0,9001.91086786552,171836.993417434,1279
UNICONSULT - ADMINISTRADORA DE BENEFICIOS E SERVICOS LTDA,SP,11451916.0,7817.007508532423,126405.8625254431,1465
BIORAL SISTEMA ODONTOLÓGICO LTDA.,SP,11381184.0,10152.70651204282,82811.4129456116,1121
GESTAO VIDA ADMINISTRADORA DE BENEFICIOS LTDA.,SP,11342046.0,21319.635338345866,98648.82941057997,532
UNIDENTIS ASSISTENCIA ODONTOLOGICA LTDA.,PB,11314869.0,11136.682086614173,256209.5747338665,1016
ASSOCIAÇÃO DE ASSISTÊNCIA MÉDICO HOSPITALAR DOS MAGISTRADOS DO ESTADO DO PARANÁ,PR,11302042.0,8864.346666666666,272441.3042133627,1275
COOPERATIVA ODONTOLÓGICA POÇOS DE CALDAS,MG,11078165.0,7002.632743362832,59345.1349942854,1582
UNIMED DE LINS - COOPERATIVA DE TRABALHOS MÉDICOS,SP,11057305.0,2632.0649845274934,85029.79628946225,4201
SANTA CASA DE MISERICORDIA HOSPITAL SÃO VICENTE,SP,11033326.0,7646.102564102564,134823.13296202855,1443
A.P.S. ADMINISTRADORA DE BENEFÍCOS LTDA.,SP,11005865.0,12352.26150392817,56534.52504443705,891
MEDICAL LIFE PLANOS DE SAÚDE LTDA,BA,10840040.0,138974.87179487178,233636.04815628784,78
ASSOCIAÇÃO POLICIAL DE ASSISTÊNCIA À SAÚDE DE BAURU,SP,10837906.0,7293.341857335128,147297.09464584594,1486
UNIODONTO GOIANIA COOPERATIVA DE CIRURGIÕES DENTISTAS,GO,10682271.0,5811.899347116431,60410.40592754843,1838
UNIMED NOROESTE DE MINAS COOPERATIVA DE TRABALHO MEDICO LTDA,MG,10592323.0,4678.587897526501,74267.59556528855,2264
CAIXA DE ASSISTÊNCIA DO SINDFISCO - CASSIND,SE,10577336.0,8468.643714971977,76324.01371492761,1249
FUNDAÇÃO DE SEGURIDADE SOCIAL DA ARCELORMITTAL BRASIL - FUNSSEST,ES,10532961.0,13822.78346456693,380893.253846681,762
ÔNIX OPERADORA DE PLANOS DE SAÚDE LTDA,RJ,10424168.0,8346.011208967173,62310.130786928756,1249
UNIMED GUARAPUAVA COOPERATIVA DE TRABALHO MÉDICO,PR,10274471.0,3447.8090604026847,50965.918610954664,2980
ASSOCIAÇÃO POLICIAL DE ASSISTÊNCIA A SAÚDE DA BAIXADA SANTISTA,SP,10237068.0,7954.20979020979,146137.64101826615,1287
PRO-SAUDE JARINU ASSISTENCIA MEDICA SUPLEMENTAR LTDA.,SP,10148514.0,830.348060873834,52343.02693159909,12222
QUALITY GOLD SAÚDE ADMINISTRADORA DE PLANOS DE SAÚDE LTDA-ME,RJ,10127473.0,11032.105664488017,124729.70745728665,918
CLICSAUDE ADMINISTRADORA DE BENEFICIOS LTDA,SP,10123384.0,17394.13058419244,66768.05796195105,582
SOCIEDADE BENEFICENTE DEZOITO DE JULHO,MG,10003792.0,9220.084792626729,70232.37511503564,1085
UNIMED REGIONAL DE TRES LAGOAS COOPERATIVA DE TRABALHO MÉDICO,MS,9685763.0,3964.700368399509,69509.42457232825,2443
CASE - CENTRAL DE ADMINISTRAÇÃO DE PLANO DE SAÚDE LTDA,RJ,9599898.0,11455.72553699284,60138.77292363805,838
SAUDE VIVA ADMINISTRADORA DE BENEFICIOS LTDA,SP,9525773.0,855.4034662356322,20121.271420632853,11136
UNIMED ITAÚNA COOPERATIVA DE TRABALHO MÉDICO LTDA.,MG,9457014.0,3494.8314855875833,113695.22958134428,2706
CAIXA DE ASSISTÊNCIA DOS SERVIDORES FAZENDÁRIOS ESTADUAIS,CE,9442194.0,6375.5530047265365,106970.47343263194,1481
UNIMED CAJAZEIRAS - SOCIEDADE COOPERATIVA DE TRABALHO MÉDICO,PB,9403283.0,7510.609424920128,240901.28998309086,1252
FUNDAÇÃO LIBERTAS DE SEGURIDADE SOCIAL,MG,9376896.0,7274.55081458495,279647.58446036914,1289
INTEGRALCARE PLANOS DE SAUDE LTDA,BA,9300096.0,68889.6,135198.03349112984,135
UNIMED TRÊS PONTAS - COOPERATIVA DE TRABALHO MÉDICO,MG,9294051.0,3425.7467747880573,56058.07788404347,2713
UNIODONTO ESPIRITO SANTO COOPERATIVA ODONTOLOGICA,ES,9253548.0,6214.605775688381,103501.70986047227,1489
INTERVIDA ADMINISTRADORA DE BENEFÍCIOS LTDA,SP,9241214.0,16620.88848920863,84331.32134704695,556
FUNDAÇÃO FIAT SAÚDE E BEM ESTAR,MG,8966668.0,6772.407854984895,119313.78853196999,1324
INFINITY SAÚDE SUPLEMENTAR LTDA,MT,8953200.0,9784.918032786885,94055.922868239,915
ASSOCIAÇÃO POLICIAL DE ASSISTENCIA À SAUDE DE SAO JOAO DA BOA VISTA,SP,8634540.0,9108.164556962025,103868.30247755806,948
ASSOCIAÇÃO UNIVIDA SANTA RITA DO PASSA QUATRO,SP,8513054.0,5799.08310626703,73463.19232183167,1468
UNIMED PONTE NOVA COOPERATIVA DE TRABALHO MEDICO LTDA,MG,8480269.0,4263.5842131724485,164546.11709727556,1989
UNIMED DE ANDRADINA - COOPERATIVA DE TRABALHO MÉDICO,SP,8447303.0,3166.1555472263867,39017.4313317516,2668
UNIMED MACHADO COOPERATIVA DE TRABALHO MEDICO,MG,8351946.0,3211.0519031141866,53741.516658953864,2601
UNIMED VALE DO PARAÍBA - FEDERAÇÃO INTRAFEDERATIVA DAS COOPERATIVAS MÉDICAS,SP,8349558.0,4990.769874476988,100831.16550781966,1673
SIM - CAIXA DE ASSISTÊNCIA À SAÚDE,SC,8318872.0,4593.52401987852,78135.47721827078,1811
RODRIGUES LEIRA ODONTOLOGIA LTDA.,SP,8221941.0,6373.597674418605,41882.89927721291,1290
UNIODONTO DE ARARAQUARA COOPERATIVA ODONTOLÓGICA,SP,8203971.0,5143.5554858934165,59450.32323218638,1595
UNIODONTO DE LONDRINA COOP. ODONTOLÓGICA,PR,8016576.0,4671.664335664335,90912.87738891336,1716
CAIXA DE ASSISTÊNCIA SISTEMA SAÚDE INTEGRAL-SSI SAUDE,RS,8003037.0,5833.117346938776,64911.47129307073,1372
ATIMED ASSISTENCIA MEDICA LTDA,SP,7828677.0,1917.8532582067614,49810.030390202985,4082
SAUDE FACIL PLANOS DE SAUDE LTDA,RJ,7800000.0,165957.44680851063,438513.59393171006,47
UNIÃO HOSPITAIS DE PERNAMBUCO LTDA,PE,7800000.0,165957.44680851063,438513.59393171006,47
ESPERANÇA OPERADORA DE PLANOS DE SAÚDE LTDA,RJ,7800000.0,165957.44680851063,438513.59393171006,47
BIT LIFE BENEFÍCIOS LTDA,SP,7755090.0,631.5734180307843,15532.93579084729,12279
SANTA CASA DE MISERICÓRDIA DE VOTUPORANGA,SP,7587984.0,4721.831985065339,100895.42792254828,1607
ASSOCIAÇÃO DOS AUDITORES FISCAIS DA RECEITA ESTADUAL DO RIO DE JANEIRO,RJ,7575089.0,7269.7591170825335,36470.28818341188,1042
QUALIDONTO - QUALIDADE EM ODONTOLOGIA LTDA ,BA,7396537.0,7389.147852147852,47693.973925246784,1001
TOTAL SAUDE  ADMINISTRADORA DE BENEFICIOS EIRELI,ES,7246425.0,986.8480185210404,19781.54610023756,7343
ASSOCIAÇÃO POLICIAL DE ASSISTENCIA A SAUDE DE BOTUCATU,SP,7243304.0,7059.750487329435,112034.39388777493,1026
BENEFIT ADMINISTRADORA DE BENEFÍCIOS LTDA.,SP,7121820.0,9201.317829457364,55071.43985558127,774
LEXUS ADMINISTRADORA DE BENEFICIOS LTDA,SP,7108814.0,7710.210412147506,95599.5432758591,922
SOCIEDADE DE ASSISTÊNCIA MÉDICA - SAMEISA,RS,7105203.0,7825.113436123348,180512.44862833247,908
ASSOCIAÇÃO PADRE PIO PLANOS DE SAÚDE,SP,7035856.0,7268.446280991736,56894.18082939033,968
CAIXA DE ASSISTÊNCIA À SAUDE DOS EMPREGADOS DA CODEVASF - CASEC,DF,6960915.0,6042.4609375,179694.87041410457,1152
UNIMED DE PIRASSUNUNGA COOPERATIVA DE TRABALHO MÉDICO,SP,6925191.0,3671.8934252386002,58969.495835226386,1886
CAIXA DE ASSISTÊNCIA DOS EMPREGADOS DO BANEB,BA,6816290.0,4369.416666666667,48505.33683259868,1560
ASSOCIAÇÃO POLICIAL DE ASSISTÊNCIA À SAÚDE DE RIBEIRÃO PRETO (APAS),SP,6769869.0,1385.8483111566018,77807.69677205902,4885
SALUTY ADMINISTRADORA DE BENEFICIOS LTDA,RJ,6768303.0,18645.462809917357,64252.98342313893,363
ASSOCIAÇÃO SERVIÇOS ODONTOLÓGICOS DA INDÚSTRIA DE MINAS GERAIS - ODONTOINDUSTRIA,MG,6766430.0,12325.009107468124,63677.98483965211,549
ASSOCIAÇÃO VALEPARAIBANA DE ASSISTÊNCIA MÉDICA POLICIAL,SP,6759295.0,5684.857022708158,73202.49623000881,1189
ASSOCIAÇÃO DOS SERVIDORES PÚBLICOS DA ADMINISTRAÇÃO DIRETA DO GOVERNO DO ESTADO DO PARÁ - ASPARÁ,PA,6652303.0,5892.208148804251,80316.74464229886,1129
COOPERATIVA DOS USUÁRIOS DE SERVIÇOS DE SAÚDE DO VALE DO RIO DOS SINOS LTDA,RS,6646814.0,5637.67090754877,73698.90917182833,1179
PLANO ASSISTENCIAL SÃO LUCAS LTDA,MG,6562155.0,4080.9421641791046,32655.574749364594,1608
UNIODONTO PIRACICABA - COOPERATIVA ODONTOLÓGICA,SP,6260872.0,3801.379477838494,30107.180207990972,1647
QV BENEFÍCIOS EM SAÚDE LTDA,RJ,6141353.0,4232.496898690558,253874.32402485373,1451
UNIMED DE TAUBATÉ COOPERATIVA DE TRABALHO MÉDICO,SP,6023151.0,2038.2913705583755,19642.339287205763,2955
UNIMED COSTA DO DESCOBRIMENTO COOPERATIVA DE TRABALHO MÉDICO,BA,5964396.0,2542.368286445013,167836.7056245767,2346
UNIMED ALTO PARANAIBA COOPERATIVA DE TRABALHO MEDICO,MG,5820470.0,3192.7975863960505,27166.767063165164,1823
ASSOCIACAO POLICIAL DE ASSISTENCIA A SAUDE DE ITAPETININGA,SP,5747572.0,4688.068515497553,91304.4745361018,1226
SORRIDEN CONVÊNIOS ODONTOLÓGICOS S.A.,SP,5687871.0,4635.591687041565,55720.022751046956,1227
SOCIEDADE PORTUGUESA DE BENEFICÊNCIA,RS,5617841.0,3652.692457737321,56005.13888974436,1538
ASSOCIACAO CIVIL PRÓ-SAÚDE DOS SERVIDORES DA UNIVERSIDADE ESTADUAL DE PONTA GROSSA,PR,5567556.0,3002.9967637540453,26180.726268147595,1854
UNIMED DE BATATAIS - COOPERATIVA DE TRABALHO MÉDICO,SP,5525864.0,2841.06118251928,96738.33904315293,1945
UNIMED PONTAL DO TRIÂNGULO - COOPERATIVA DE TRABALHO MÉDICO,MG,5467302.0,2065.4710993577637,65024.19055620474,2647
MUITO MAIS SAÚDE ADMINISTRADORA DE BENEFÍCIOS,RJ,5269316.0,7971.733736762481,53427.92886401922,661
CAIXA ASSISTENCIAL UNIVERSITÁRIA DO RIO GRANDE DO NORTE,RN,5044470.0,3387.824042981867,38464.311707568966,1489
SALVE SAÚDE ADMINISTRADORA DE BENEFÍCIOS LTDA,RJ,4892460.0,7401.60363086233,99542.43401130075,661
UNIMED MURIAÉ COOPERATIVA DE TRABALHO MEDICO LTDA,MG,4852167.0,2631.327006507592,31520.65895504554,1844
SMART CARE SISTEMAS MÉDICOS E ODONTOLÓGICOS LTDA.,SP,4835669.0,590.5799951148022,12876.432035947617,8188
HOSPITAL DE CARIDADE SÃO VICENTE DE PAULO,PR,4704115.0,5647.196878751501,113651.44373326669,833
ASSOCIACAO DOS PROFESSORES UNIVERSITÁRIOS DA BAHIA,BA,4503861.0,2961.1183431952663,74224.34294275267,1521
ASSOCIAÇÃO DE SAÚDE DOS FORNECEDORES DE CANA DE PIRACICABA E REGIÃO,SP,4430941.0,3253.260646108664,41445.94331246256,1362
INTEGRA ADMINISTRADORA DE BENEFICIOS LTDA,GO,4414200.0,23479.787234042553,86851.9938780694,188
UNIODONTO DE SC COOPERATIVA ADMINISTRADORA DE CONTRATOS,SC,4388454.0,1984.8276797829037,32883.772095057786,2211
UNIODONTO VALE HISTORICO COOPERATIVA ODONTOLOGICA,SP,4343713.0,3270.8682228915663,44426.11744089956,1328
AMAZIL ASSISTENCIA MEDICA DO BRASIL LTDA,RJ,4335460.0,15106.132404181184,93437.3368626771,287
PLANO SIGMA SAÚDE LTDA,SP,4292368.0,846.6209072978304,15438.433143160555,5070
UNIMED DE OURINHOS - COOPERATIVA DE TRABALHO MÉDICO,SP,4279915.0,1683.6801730920536,32068.97961230826,2542
MAXMED ADMINISTRADORA DE BENEFICIOS LTDA,SP,4270656.0,3687.958549222798,30851.22521256961,1158
TRINO - ALIANCA FILANTRÓPICA DE ASSISTÊNCIA E INTEGRAÇÃO PARA O DESENVOLVIMENTO DA SAUDE,ES,4062813.0,3686.7631578947367,45036.089351754,1102
UNIODONTO DE PRESIDENTE PRUDENTE COOPERATIVA ODONTOLOGICA,SP,4041278.0,2695.982655103402,84418.83640703338,1499
FUNDO DE ASSISTÊNCIA À SAÚDE DOS FUNCIONÁRIOS DO BEC,CE,4018135.0,3506.2260034904016,76206.80760736014,1146
BLUZZ SAÚDE S/A,ES,3879110.0,3276.275337837838,21233.68734278045,1184
VIVER BEM ADMINISTRADORA DE BENEFÍCIOS LTDA,RJ,3837096.0,12028.514106583072,43909.21839129982,319
UNIMED DE MONTE ALTO - COOPERATIVA DE TRABALHO MÉDICO,SP,3834991.0,2172.799433427762,38760.1878534802,1765
COMSEDER - COOPERATIVA DE ASSISTÊNCIA MÉDICA DOS SERVIDORES DA SUPLAN E DO DER LTDA,PB,3791028.0,3720.341511285574,26907.431228481768,1019
ASSOCIAÇÃO MAIS SAÚDE SANTA CASA DE SÃO JOÃO DA BOA VISTA,SP,3710972.0,2433.424262295082,21331.155414539247,1525
SOCIODONTO PLANO DE ASSISTÊNCIA ODONTOLÓGICA LTDA,MG,3610299.0,438.14308252427185,8889.023644522013,8240
UNIMED DE JATAÍ COOPERATIVA DE TRABALHO MÉDICO LTDA.,GO,3584450.0,1268.8318584070796,37281.0903229349,2825
CAIXA BENEFICENTE DOS FUNCIONARIOS DO BANCO DO ESTADO DE SÃO PAULO,SP,3525000.0,1636.4902506963788,185747.5159370036,2154
ASSOCIAÇÃO BENEFICENTE DE ASSISTÊNCIA A SAÚDE DOS JUÍZES DO TRABALHO DA 15ª REGIÃO (ABAS 15),SP,3505978.0,3190.1528662420383,23639.292753882255,1099
BCI ADMINISTRADORA DE BENEFÍCIOS LTDA.,SP,3434288.0,279.6196059273734,6078.197184553554,12282
CAIXA DE ASSISTÊNCIA DOS EMPREGADOS DO SETOR PÚBLICO DO ESTADO DE GOIÁS - CAEME,GO,3378882.0,4027.2729439809295,55144.445185285476,839
UNIODONTO UBERABA - COOPERATIVA DE ASSISTÊNCIA À SAÚDE ODONTOLÓGICA LTDA,MG,3357141.0,2120.746051800379,58986.627085855784,1583
AGROS - INSTITUTO UFV DE SEGURIDADE SOCIAL,MG,3192303.0,2047.6606799230276,52323.0063177203,1559
UNIMED DE ADAMANTINA-COOPERATIVA DE TRABALHO MÉDICO,SP,3177088.0,1147.791907514451,18065.95648464664,2768
HOSPITAL MATERNIDADE SÃO VICENTE DE PAULO,CE,2994000.0,242.23300970873785,5184.443003557383,12360
FUNASA SAÚDE,PB,2932068.0,2399.400981996727,17648.474973929624,1222
ASSOCIAÇÃO DE SAÚDE DO VALE,SC,2872978.0,2039.0191625266145,21716.212724069726,1409
ASSOCIAÇAO UNISAUDE MARAU,RS,2853344.0,2772.9290573372205,49083.93397964465,1029
ASSOCIAÇÃO POLICIAL DE ASSISTÊNCIA À SAÚDE - VALE DO RIBEIRA,SP,2815030.0,2735.694849368319,70842.07612814648,1029
UNIODONTO JACAREÍ COOPERATIVA ODONTOLÓGICA,SP,2805900.0,1860.6763925729442,34682.608531904836,1508
TELOS - FUNDAÇÃO EMBRATEL DE SEGURIDADE SOCIAL,RJ,2596732.0,1770.0967961826857,62386.41479556133,1467
UNIODONTO DE SERTAOZINHO SP COOPERATIVA ODONTOLOGICA,SP,2445074.0,420.11580756013745,12414.360633799468,5820
UNIODONTO RS FEDERACAO DAS UNIODONTOS DO RGS LTDA,RS,2415922.0,1755.7572674418604,15132.27747691974,1376
UP SOLUÇÕES EM SAÚDE LTDA ,SP,2335700.0,12228.795811518325,68224.29107548734,191
UNIMED VALE DO CARANGOLA COOPERATIVA DE TRABALHO MEDICO LTDA,MG,2302237.0,1225.898296059638,13046.775546782685,1878
ASSOCIAÇÃO DOS FISCAIS DE TRIBUTOS ESTADUAIS DO RS - AFISVEC,RS,2221394.0,1003.3396567299006,13282.863514586023,2214
UNIMED DE CATANDUVA - COOPERATIVA DE TRABALHO MÉDICO,SP,2195906.0,634.471540017336,343325.73849565873,3461
LIKE DENTAL PLANOS ODONTOLÓGICOS SS LTDA,PR,2167869.0,5006.625866050808,38632.773142969985,433
COOPERATIVA ODONTOLÓGICA DO ESTADO DO AMAPÁ,AP,2153012.0,1290.7745803357313,13310.044897794645,1668
UNIMED NOROESTE FLUMINENSE - COOPERATIVA DE TRABALHO MÉDICO LTDA,RJ,2131482.0,1465.9436038514443,22145.263312203115,1454
UNIODONTO DE PINDAMONHANGABA COOP ODONTOLOGICA,SP,2092002.0,1420.2321792260693,9733.580689541035,1473
UNIMED REGIÃO DA FRONTEIRA - RS COOPERATIVA DE ASSISTÊNCIA À SAÚDE LTDA.,RS,1982303.0,790.3919457735248,45311.02176645796,2508
ASSOCIAÇÃO DO FISCO DE ALAGOAS,AL,1978211.0,1457.7826086956522,18317.758835587763,1357
ASSOCIAÇÃO POLICIAL DE ASSISTÊNCIA À SAÚDE APAS,SP,1935053.0,1743.290990990991,12865.191882729534,1110
ASSOCIAÇÃO MINEIRA DE ASSISTÊNCIA À SAÚDE DOS MEMBROS DO MINISTÉRIO PÚBLICO,MG,1747952.0,1562.0661304736373,47851.54215351565,1119
UNIODONTO DE MATO GROSSO COOP TRAB ODONTOLOGICO LTDA,MT,1681896.0,1163.1369294605809,21281.871829324227,1446
UNIMED PATOS - COOPERATIVA DE TRABALHO MÉDICO,PB,1665558.0,971.7374562427071,10265.318422719389,1714
PLAMESC PLANOS DE SAÚDE LTDA,RJ,1655950.0,1278.7258687258686,6451.163545751778,1295
UNIODONTO DE JOÃO PESSOA COOPERATIVA ODONTOLÓGICA,PB,1576789.0,1012.7096981374438,22160.790525037486,1557
UNIMED ARAGUARI COOPERATIVA DE TRABALHO MÉDICO ,MG,1301449.0,535.1352796052631,128299.42719747643,2432
CAIXA BENEFICENTE DOS FUNCIONÁRIOS DO GRUPO IGUAÇU,PR,1149430.0,990.8879310344828,9087.813245704949,1160
ASSOCIAÇÃO POLICIAL DE ASSISTÊNCIA À SAÚDE DE JAÚ,SP,919648.0,821.1142857142858,11551.313663494388,1120
ASSOCIAÇÃO POLICIAL DE ASSISTÊNCIA À SAÚDE DE PRESIDENTE VENCESLAU,SP,850213.0,733.5746333045729,5331.383072983323,1159
RAMED ADMINISTRADORA DE BENEFICIOS LTDA.,SP,786191.0,2319.1474926253686,7000.402976698535,339
ASSOCIAÇÃO POLICIAL DE ASSISTÊNCIA À SAÚDE DE ARAÇATUBA (APAS),SP,675691.0,551.1345840130506,6871.639037750578,1226
S.P.A SAUDE- SISTEMA DE PROMOÇÃO ASSISTENCIAL,SP,613590.0,380.8752327746741,6066.2266782368615,1611
COOPERATIVA DE TRABALHO ODONTOLOGICO - UNIODONTO ITAJUBÁ,MG,499410.0,351.69718309859155,12994.21353366776,1420
ASSOCIACAO POLICIAL DE ASSISTENCIA A SAUDE DE PRESIDENTE PRUDENTE (APAS),SP,474654.0,338.796573875803,3660.8226324755747,1401
VIVACOM PLANOS DE SAÚDE,GO,451477.0,255.64949037372594,16019.465410298393,1766
UNIODONTO MARINGA COOPERATIVA ODONTOLOGICA,PR,445147.0,296.1723220226214,4322.201737282597,1503
ASSOCIAÇÃO PARANAENSE DE ASSISTÊNCIA À SAUDE DOS MEMBROS DO MINISTERIO PUBLICO DO PARANÁ,PR,425332.0,461.3145336225597,3633.1064003060665,922
"CAIXA DE ASSISTÊNCIA À SAÚDE DOS TRABALHADORES NAS INDÚSTRIAS METALÚRGICAS, MECÂNICAS E DO MATERIAL ELÉTRICO DE BRUSQUE",SC,334379.0,366.6436403508772,3071.611066096187,912
UNIMED MEIO OESTE CATARINENSE COOPERATIVA DE TRABALHO MÉDICO,SC,210681.0,65.79668956901936,76311.07767716379,3202
FEBRAFITE SAUDE,DF,203307.0,660.0876623376623,3669.2707183673615,308
REAL GRANDEZA SAÚDE,RJ,157970.0,478.6969696969697,2191.453064528953,330
UNIODONTO/RN - COOPERATIVA ODONTOLOGICA DO RIO GRANDE DO NORTE,RN,3061.0,1.8395432692307692,3246.2535816523787,1664
UNIMED REGIONAL DE PICOS - COOPERATIVA DE TRABALHO MÉDICO,PI,-746792.0,-657.9665198237885,30130.50763941934,1135
CAIXA DE ASSISTÊNCIA DOS EMPREGADOS DO SISTEMA FINANCEIRO BANESTES,ES,-786070.0,-555.5265017667845,157186.83583552725,1415
ASSOCIAÇÃO PADRE ALBINO SAÚDE,SP,-1488915.0,-993.9352469959947,508540.8930583304,1498
UP HEALTH ADMINISTRADORA DE BENEFÍCIOS S/A,ES,-5207761.0,-3987.5658499234305,134516.35674640286,1306
POLI SAUDE OPERADORA DE PLANO DE SAUDE LTDA,PR,-5977662.0,-4077.5320600272853,68914.13359521278,1466
COOPERATIVA DE TRABALHO MEDICO REGIÃO DO PLANALTO SERRANO,SC,-6413504.0,-1998.5989404799002,61821.932746247585,3209
UNIMED PETROPOLIS-RJ COOPERATIVA DE TRABALHO MÉDICO,RJ,-7454082.0,-2866.9546153846154,71128.19395359811,2600
ASSOCIACAO DOS SERVIDORES DA EMDAGRO - ASSEM,SE,-8593542.0,-13793.807383627609,270119.21523449966,623
BRASILDENTAL OPERADORA DE PLANOS ODONTOLÓGICOS S.A.,SP,-10272331.0,-6099.9590261282665,1509784.7079082003,1684
FUNDAÇÃO DE SAÚDE ITAIGUAPY,PR,-10611159.0,-5795.280720917532,417377.5555619147,1831
UNIMED DE REGISTRO COOPERATIVA DE TRABALHO MÉDICO,SP,-13779809.0,-1230.77965344766,45642.11550067726,11196
PLURAL GESTÃO EM PLANOS DE SAÚDE LTDA,RJ,-19659674.0,-13511.803436426117,1009309.5817756136,1455
QUALICORP ADMINISTRADORA DE BENEFÍCIOS S.A.,SP,-35829591.0,-19398.804006497023,5768146.924780319,1847
FUNDAÇÃO CHESF DE ASSISTÊNCIA E SEGURIDADE SOCIAL,PE,-115654966.0,-128935.30211817169,1538918.7920237079,897
ALLCARE ADMINISTRADORA DE BENEFÍCIOS EM SAÚDE LTDA.,DF,-425022753.0,-340836.20930232556,3389285.850367984,1247
ALL CARE ADMINISTRADORA DE BENEFÍCIOS SÃO PAULO LTDA,SP,-512174704.0,-332580.9766233766,3789044.785318701,1540
ODONTOPREV S/A,SP,-885047109.0,-331726.8024737631,7471873.875322301,2668
AMIL ASSISTÊNCIA MÉDICA INTERNACIONAL S.A.,SP,-5603392667.0,-1572220.1647025815,36666616.00180728,3564
